index,true_label,predicted_label,correct,stage_distance,confidence
0,4,2,False,2,0.46160513162612915
1,0,0,True,0,0.9990334510803223
2,2,2,True,0,0.7721341848373413
3,0,0,True,0,0.9997199177742004
4,0,0,True,0,0.6560730934143066
5,0,0,True,0,0.984184741973877
6,0,0,True,0,0.9973123073577881
7,2,2,True,0,0.4436308741569519
8,0,0,True,0,0.9985508322715759
9,3,3,True,0,0.5583385825157166
10,0,0,True,0,0.9994844198226929
11,0,0,True,0,0.9742523431777954
12,0,0,True,0,0.9357321858406067
13,1,1,True,0,0.40725621581077576
14,0,0,True,0,0.9633582830429077
15,0,0,True,0,0.9840438961982727
16,0,0,True,0,0.9980790615081787
17,0,0,True,0,0.9144772887229919
18,0,0,True,0,0.999224066734314
19,2,2,True,0,0.5006418824195862
20,0,0,True,0,0.9749509692192078
21,0,0,True,0,0.974799394607544
22,0,0,True,0,0.97431480884552
23,1,2,False,1,0.4720257818698883
24,2,3,False,1,0.8503169417381287
25,0,0,True,0,0.5968124866485596
26,0,0,True,0,0.9982261061668396
27,2,2,True,0,0.726569414138794
28,1,2,False,1,0.5062844753265381
29,4,2,False,2,0.626388669013977
30,2,2,True,0,0.6418378353118896
31,2,2,True,0,0.5508938431739807
32,2,2,True,0,0.4858182370662689
33,0,0,True,0,0.9899308681488037
34,2,2,True,0,0.5467552542686462
35,0,0,True,0,0.9996310472488403
36,0,0,True,0,0.9975693821907043
37,2,2,True,0,0.6112995147705078
38,0,0,True,0,0.9552161693572998
39,2,2,True,0,0.6119421124458313
40,2,3,False,1,0.5309882760047913
41,0,0,True,0,0.999967098236084
42,4,3,False,1,0.3989991545677185
43,1,2,False,1,0.5866663455963135
44,0,0,True,0,0.9755343198776245
45,2,2,True,0,0.5540473461151123
46,0,0,True,0,0.6865488290786743
47,2,2,True,0,0.39060696959495544
48,2,2,True,0,0.44856318831443787
49,2,2,True,0,0.5806726813316345
50,1,2,False,1,0.5077942609786987
51,2,2,True,0,0.5528521537780762
52,2,2,True,0,0.7714300155639648
53,0,0,True,0,0.7303978204727173
54,2,3,False,1,0.47305262088775635
55,0,0,True,0,0.5535181760787964
56,0,0,True,0,0.9909891486167908
57,0,0,True,0,0.98167484998703
58,0,0,True,0,0.9994458556175232
59,0,0,True,0,0.9956423044204712
60,0,0,True,0,0.9977414608001709
61,0,0,True,0,0.9970731735229492
62,2,2,True,0,0.45997998118400574
63,0,0,True,0,0.9961071610450745
64,2,2,True,0,0.7721341848373413
65,2,2,True,0,0.48972606658935547
66,2,2,True,0,0.31518426537513733
67,0,0,True,0,0.9941062927246094
68,2,2,True,0,0.7854105234146118
69,0,0,True,0,0.9986518025398254
70,0,0,True,0,0.9985557198524475
71,2,2,True,0,0.7486874461174011
72,0,0,True,0,0.9982330799102783
73,1,1,True,0,0.7769753932952881
74,2,2,True,0,0.4321393668651581
75,2,3,False,1,0.38830605149269104
76,2,3,False,1,0.4535983204841614
77,2,2,True,0,0.5473330020904541
78,3,3,True,0,0.4749736785888672
79,0,1,False,1,0.5638213753700256
80,4,2,False,2,0.48878100514411926
81,3,2,False,1,0.5035771727561951
82,0,0,True,0,0.9654194712638855
83,2,2,True,0,0.4884645640850067
84,2,2,True,0,0.334657222032547
85,4,2,False,2,0.34626585245132446
86,4,3,False,1,0.6187252998352051
87,0,0,True,0,0.9983149766921997
88,0,0,True,0,0.9971469044685364
89,2,2,True,0,0.4816618263721466
90,0,0,True,0,0.9778844714164734
91,0,0,True,0,0.9899249076843262
92,1,2,False,1,0.6484090089797974
93,2,2,True,0,0.5807491540908813
94,0,0,True,0,0.7819496393203735
95,0,0,True,0,0.9958575367927551
96,3,3,True,0,0.506101131439209
97,0,0,True,0,0.8756358623504639
98,0,0,True,0,0.9984493255615234
99,0,0,True,0,0.9299266338348389
100,0,0,True,0,0.9451920986175537
101,0,0,True,0,0.9931482672691345
102,2,2,True,0,0.47100380063056946
103,1,2,False,1,0.7428663372993469
104,0,0,True,0,0.9501636624336243
105,1,1,True,0,0.8821398019790649
106,2,2,True,0,0.48009973764419556
107,0,0,True,0,0.9961005449295044
108,2,2,True,0,0.6546881198883057
109,0,0,True,0,0.9675726294517517
110,1,1,True,0,0.7811298370361328
111,2,2,True,0,0.56978839635849
112,0,0,True,0,0.9964207410812378
113,0,0,True,0,0.99956876039505
114,0,0,True,0,0.9941735863685608
115,1,2,False,1,0.4981302320957184
116,1,2,False,1,0.5580849051475525
117,0,0,True,0,0.9628651142120361
118,4,3,False,1,0.5745384693145752
119,0,0,True,0,0.9935587048530579
120,1,1,True,0,0.9065729379653931
121,1,1,True,0,0.5485199689865112
122,2,2,True,0,0.6657528281211853
123,0,0,True,0,0.8286973834037781
124,4,2,False,2,0.5282676219940186
125,0,0,True,0,0.9986685514450073
126,2,2,True,0,0.7943981289863586
127,0,0,True,0,0.9995986819267273
128,0,0,True,0,0.9896385669708252
129,2,2,True,0,0.5444307327270508
130,0,0,True,0,0.9995086193084717
131,2,2,True,0,0.5241343379020691
132,1,2,False,1,0.4887424409389496
133,0,0,True,0,0.940321147441864
134,2,2,True,0,0.5127516984939575
135,3,4,False,1,0.7505645155906677
136,2,2,True,0,0.4826371371746063
137,2,3,False,1,0.33272862434387207
138,3,4,False,1,0.659766674041748
139,2,2,True,0,0.6456467509269714
140,2,2,True,0,0.7121039628982544
141,2,3,False,1,0.8503169417381287
142,0,0,True,0,0.9990979433059692
143,2,2,True,0,0.4441550076007843
144,2,2,True,0,0.47615790367126465
145,0,0,True,0,0.7934876680374146
146,2,2,True,0,0.6733041405677795
147,0,0,True,0,0.9971578121185303
148,2,2,True,0,0.8169894218444824
149,2,2,True,0,0.5083359479904175
150,0,0,True,0,0.9941571950912476
151,0,0,True,0,0.9935856461524963
152,1,1,True,0,0.9019049406051636
153,0,0,True,0,0.950332760810852
154,0,0,True,0,0.9999566078186035
155,0,0,True,0,0.7402721047401428
156,1,2,False,1,0.46250635385513306
157,0,0,True,0,0.992701530456543
158,4,4,True,0,0.4499169588088989
159,0,0,True,0,0.9998823404312134
160,0,0,True,0,0.8937625885009766
161,2,2,True,0,0.6369630098342896
162,3,3,True,0,0.4385087788105011
163,2,2,True,0,0.5458328127861023
164,0,0,True,0,0.9996929168701172
165,2,2,True,0,0.3852238655090332
166,2,2,True,0,0.4970841407775879
167,2,2,True,0,0.48863890767097473
168,0,0,True,0,0.991978645324707
169,0,0,True,0,0.9905565977096558
170,0,0,True,0,0.9945583343505859
171,2,2,True,0,0.7262834906578064
172,0,0,True,0,0.9265682697296143
173,0,0,True,0,0.9942076206207275
174,0,0,True,0,0.9980247020721436
175,3,3,True,0,0.41752293705940247
176,0,0,True,0,0.998944103717804
177,0,0,True,0,0.9865104556083679
178,3,2,False,1,0.43274590373039246
179,3,2,False,1,0.4783307611942291
180,0,0,True,0,0.9993983507156372
181,0,0,True,0,0.9451996088027954
182,0,0,True,0,0.9766911864280701
183,0,0,True,0,0.9936308264732361
184,2,2,True,0,0.44438865780830383
185,0,0,True,0,0.9943634271621704
186,0,0,True,0,0.9267884492874146
187,2,2,True,0,0.422014057636261
188,0,0,True,0,0.9934784173965454
189,0,0,True,0,0.9667477011680603
190,0,0,True,0,0.9726304411888123
191,0,0,True,0,0.9753960371017456
192,2,3,False,1,0.5254315137863159
193,0,0,True,0,0.9943830966949463
194,1,2,False,1,0.35964053869247437
195,0,0,True,0,0.999630331993103
196,0,0,True,0,0.9877564907073975
197,2,2,True,0,0.3869149684906006
198,0,0,True,0,0.96844881772995
199,0,0,True,0,0.9201579689979553
200,2,2,True,0,0.5890960097312927
201,1,2,False,1,0.5580849051475525
202,0,0,True,0,0.9923801422119141
203,4,2,False,2,0.6783689260482788
204,2,2,True,0,0.47208061814308167
205,2,2,True,0,0.5029903650283813
206,2,2,True,0,0.5192952156066895
207,4,3,False,1,0.418014258146286
208,1,2,False,1,0.5376359820365906
209,0,0,True,0,0.998763918876648
210,2,2,True,0,0.5362651944160461
211,0,0,True,0,0.9954830408096313
212,0,0,True,0,0.9990637898445129
213,0,0,True,0,0.9853975772857666
214,3,3,True,0,0.7303951978683472
215,0,0,True,0,0.9951849579811096
216,0,0,True,0,0.9816006422042847
217,4,3,False,1,0.6105334758758545
218,0,0,True,0,0.985538125038147
219,1,2,False,1,0.5705510377883911
220,2,2,True,0,0.7066540122032166
221,2,2,True,0,0.46887117624282837
222,1,2,False,1,0.5621863603591919
223,0,0,True,0,0.9605247974395752
224,0,1,False,1,0.9395719170570374
225,4,2,False,2,0.626388669013977
226,0,0,True,0,0.9969437718391418
227,1,2,False,1,0.7821110486984253
228,0,0,True,0,0.9965957999229431
229,0,0,True,0,0.9999111890792847
230,0,0,True,0,0.871666669845581
231,0,0,True,0,0.999228835105896
232,3,3,True,0,0.5314187407493591
233,0,0,True,0,0.9968611001968384
234,2,2,True,0,0.42805925011634827
235,1,2,False,1,0.8241205811500549
236,4,2,False,2,0.5339562892913818
237,0,0,True,0,0.9996569156646729
238,0,0,True,0,0.9999563694000244
239,0,0,True,0,0.9963556528091431
240,4,2,False,2,0.6903338432312012
241,2,2,True,0,0.3552296459674835
242,4,3,False,1,0.4818945825099945
243,4,4,True,0,0.6346462965011597
244,2,2,True,0,0.5090421438217163
245,1,2,False,1,0.5053305625915527
246,0,0,True,0,0.954251229763031
247,0,0,True,0,0.9781941771507263
248,3,4,False,1,0.703478217124939
249,2,2,True,0,0.56782466173172
250,0,0,True,0,0.9857812523841858
251,1,2,False,1,0.44341975450515747
252,0,0,True,0,0.9890698194503784
253,2,2,True,0,0.4806613028049469
254,2,2,True,0,0.6463037133216858
255,2,2,True,0,0.796927273273468
256,0,0,True,0,0.9963597655296326
257,0,0,True,0,0.9953208565711975
258,0,0,True,0,0.9987204074859619
259,0,0,True,0,0.9825999140739441
260,2,1,False,1,0.47475066781044006
261,0,0,True,0,0.999283492565155
262,4,2,False,2,0.3181496262550354
263,3,2,False,1,0.3661794066429138
264,4,3,False,1,0.3504115343093872
265,2,2,True,0,0.3912242352962494
266,0,0,True,0,0.7867583632469177
267,0,0,True,0,0.940260648727417
268,1,2,False,1,0.5862076282501221
269,0,0,True,0,0.6114822030067444
270,0,0,True,0,0.9944400787353516
271,4,4,True,0,0.3894185423851013
272,0,0,True,0,0.930894136428833
273,0,0,True,0,0.9577664732933044
274,0,0,True,0,0.9993659853935242
275,0,0,True,0,0.9971320629119873
276,3,4,False,1,0.7546776533126831
277,0,1,False,1,0.7058389782905579
278,3,2,False,1,0.4749464690685272
279,1,2,False,1,0.3827388286590576
280,0,0,True,0,0.99461430311203
281,0,0,True,0,0.9912524819374084
282,0,0,True,0,0.972206175327301
283,0,0,True,0,0.9699650406837463
284,1,2,False,1,0.5161963105201721
285,0,0,True,0,0.9598999619483948
286,2,2,True,0,0.406460165977478
287,0,0,True,0,0.9833254814147949
288,2,2,True,0,0.4032326340675354
289,0,0,True,0,0.9937917590141296
290,0,0,True,0,0.9998760223388672
291,2,2,True,0,0.5030050277709961
292,2,2,True,0,0.8174340724945068
293,3,2,False,1,0.45883023738861084
294,0,0,True,0,0.9990087151527405
295,2,2,True,0,0.4923010468482971
296,2,2,True,0,0.47100380063056946
297,0,0,True,0,0.9995360374450684
298,0,0,True,0,0.9774487614631653
299,2,3,False,1,0.7486990690231323
300,0,0,True,0,0.9995711445808411
301,2,2,True,0,0.4257885813713074
302,0,0,True,0,0.9973746538162231
303,1,2,False,1,0.6299855709075928
304,0,0,True,0,0.9799287915229797
305,2,2,True,0,0.4261578619480133
306,2,2,True,0,0.30062195658683777
307,4,3,False,1,0.43145284056663513
308,2,2,True,0,0.506743848323822
309,0,0,True,0,0.9056897163391113
310,0,0,True,0,0.9568319320678711
311,0,0,True,0,0.9959511756896973
312,0,0,True,0,0.996880054473877
313,0,0,True,0,0.99824059009552
314,4,4,True,0,0.4703979194164276
315,1,1,True,0,0.9619078636169434
316,0,0,True,0,0.9998055100440979
317,2,2,True,0,0.6490466594696045
318,0,0,True,0,0.8301151394844055
319,2,2,True,0,0.4248940646648407
320,2,2,True,0,0.4755675196647644
321,4,2,False,2,0.6194966435432434
322,0,0,True,0,0.9894409775733948
323,0,0,True,0,0.9925861954689026
324,4,3,False,1,0.39601412415504456
325,0,0,True,0,0.9573733806610107
326,2,2,True,0,0.4806613028049469
327,4,2,False,2,0.43882423639297485
328,1,2,False,1,0.5754618644714355
329,0,0,True,0,0.9970096349716187
330,2,2,True,0,0.5336673259735107
331,0,0,True,0,0.9793769121170044
332,1,2,False,1,0.6467767953872681
333,2,2,True,0,0.5598039031028748
334,3,3,True,0,0.48860403895378113
335,2,2,True,0,0.7735009789466858
336,0,0,True,0,0.9481008052825928
337,2,2,True,0,0.36664101481437683
338,0,0,True,0,0.9702931046485901
339,0,0,True,0,0.9906771183013916
340,0,0,True,0,0.9984487295150757
341,0,0,True,0,0.9737257957458496
342,3,4,False,1,0.699558436870575
343,2,2,True,0,0.7735009789466858
344,0,0,True,0,0.891836404800415
345,0,0,True,0,0.9968498349189758
346,0,0,True,0,0.968039333820343
347,0,0,True,0,0.9922357201576233
348,0,0,True,0,0.9180608987808228
349,0,0,True,0,0.9956278800964355
350,2,2,True,0,0.4001564681529999
351,2,2,True,0,0.38261720538139343
352,2,2,True,0,0.7801998853683472
353,0,0,True,0,0.9797706007957458
354,4,3,False,1,0.4118345379829407
355,0,0,True,0,0.9941336512565613
356,2,3,False,1,0.47305262088775635
357,1,1,True,0,0.844129204750061
358,0,0,True,0,0.9994805455207825
359,2,2,True,0,0.6793251633644104
360,0,0,True,0,0.9956707954406738
361,1,2,False,1,0.7866482734680176
362,2,2,True,0,0.4356391429901123
363,0,0,True,0,0.999538779258728
364,2,2,True,0,0.6537498235702515
365,0,0,True,0,0.9966993927955627
366,0,0,True,0,0.9598246216773987
367,0,0,True,0,0.9810106158256531
368,0,0,True,0,0.997292697429657
369,2,2,True,0,0.6286917328834534
370,0,0,True,0,0.9992048144340515
371,0,0,True,0,0.995795488357544
372,0,0,True,0,0.985517680644989
373,0,0,True,0,0.9988868832588196
374,2,2,True,0,0.5492464303970337
375,0,0,True,0,0.7250469923019409
376,0,0,True,0,0.9974129796028137
377,1,2,False,1,0.7287545204162598
378,3,2,False,1,0.4550779163837433
379,0,0,True,0,0.9884575009346008
380,0,0,True,0,0.9955254197120667
381,2,2,True,0,0.4612281918525696
382,0,0,True,0,0.8856196403503418
383,0,0,True,0,0.9814959168434143
384,0,0,True,0,0.9836822152137756
385,0,0,True,0,0.9611197710037231
386,2,3,False,1,0.4648076295852661
387,0,0,True,0,0.9626733064651489
388,0,0,True,0,0.8509610295295715
389,0,0,True,0,0.9513798356056213
390,0,0,True,0,0.9974620342254639
391,0,0,True,0,0.742303729057312
392,2,2,True,0,0.5729997754096985
393,2,2,True,0,0.3780728876590729
394,2,3,False,1,0.3792096674442291
395,4,3,False,1,0.513943612575531
396,4,3,False,1,0.39208945631980896
397,0,0,True,0,0.999748170375824
398,0,0,True,0,0.9967554211616516
399,2,2,True,0,0.6382132768630981
400,4,4,True,0,0.9513445496559143
401,2,2,True,0,0.48896846175193787
402,4,4,True,0,0.7544716000556946
403,2,2,True,0,0.6112995147705078
404,0,0,True,0,0.9971422553062439
405,0,0,True,0,0.9682098627090454
406,2,2,True,0,0.6576507091522217
407,1,2,False,1,0.5447614192962646
408,1,1,True,0,0.5657628178596497
409,0,0,True,0,0.9930040240287781
410,4,2,False,2,0.54132479429245
411,0,0,True,0,0.9968236684799194
412,0,0,True,0,0.9610841870307922
413,3,2,False,1,0.36455243825912476
414,4,4,True,0,0.5239988565444946
415,0,0,True,0,0.8677821755409241
416,1,2,False,1,0.6545712351799011
417,1,1,True,0,0.8703412413597107
418,2,2,True,0,0.45997998118400574
419,0,0,True,0,0.9989944100379944
420,0,1,False,1,0.7811298370361328
421,2,2,True,0,0.5138052105903625
422,1,2,False,1,0.4240482747554779
423,3,3,True,0,0.863561749458313
424,3,2,False,1,0.431634783744812
425,0,0,True,0,0.9952045679092407
426,0,0,True,0,0.9844468235969543
427,0,0,True,0,0.9993547797203064
428,2,2,True,0,0.5458328127861023
429,4,2,False,2,0.7142249345779419
430,1,1,True,0,0.6417439579963684
431,0,0,True,0,0.8366906046867371
432,2,2,True,0,0.5372219085693359
433,0,0,True,0,0.9970218539237976
434,0,0,True,0,0.996723473072052
435,0,0,True,0,0.9809845685958862
436,1,1,True,0,0.5788936018943787
437,1,1,True,0,0.8828580379486084
438,1,2,False,1,0.666634738445282
439,0,0,True,0,0.9585016369819641
440,2,2,True,0,0.3808460533618927
441,2,2,True,0,0.7112367153167725
442,0,0,True,0,0.935839831829071
443,2,2,True,0,0.6964243054389954
444,2,2,True,0,0.6913273930549622
445,1,2,False,1,0.5167471766471863
446,0,0,True,0,0.902284562587738
447,0,0,True,0,0.98667311668396
448,1,2,False,1,0.34650880098342896
449,1,1,True,0,0.692894697189331
450,4,2,False,2,0.5003792643547058
451,0,0,True,0,0.9993788003921509
452,2,2,True,0,0.5216401815414429
453,2,2,True,0,0.6615077257156372
454,0,0,True,0,0.9927363395690918
455,4,1,False,3,0.4257216155529022
456,1,1,True,0,0.9619078636169434
457,0,0,True,0,0.9991899132728577
458,0,0,True,0,0.9969848990440369
459,0,0,True,0,0.9995419979095459
460,1,2,False,1,0.3748023808002472
461,0,0,True,0,0.994820237159729
462,4,2,False,2,0.4311710596084595
463,2,3,False,1,0.42219510674476624
464,0,0,True,0,0.9989092350006104
465,4,3,False,1,0.4490041136741638
466,0,0,True,0,0.9751710891723633
467,2,2,True,0,0.5909576416015625
468,2,2,True,0,0.6605963706970215
469,2,2,True,0,0.6050021648406982
470,2,2,True,0,0.5444058179855347
471,2,2,True,0,0.4687540531158447
472,0,0,True,0,0.7972278594970703
473,1,2,False,1,0.7224835157394409
474,0,0,True,0,0.9933692812919617
475,0,0,True,0,0.9992826581001282
476,2,2,True,0,0.7353023886680603
477,1,2,False,1,0.5674749612808228
478,3,3,True,0,0.8349027037620544
479,0,0,True,0,0.9805545806884766
480,0,0,True,0,0.9909200668334961
481,0,0,True,0,0.9986677169799805
482,0,0,True,0,0.9807060956954956
483,0,0,True,0,0.9936382174491882
484,4,2,False,2,0.4311710596084595
485,0,0,True,0,0.9130405783653259
486,3,3,True,0,0.3470291495323181
487,2,2,True,0,0.5339939594268799
488,0,0,True,0,0.9915120005607605
489,0,0,True,0,0.9707820415496826
490,4,3,False,1,0.5254326462745667
491,0,0,True,0,0.9908272624015808
492,4,4,True,0,0.9122359752655029
493,4,3,False,1,0.4987611472606659
494,0,0,True,0,0.9995787739753723
495,0,0,True,0,0.9988429546356201
496,0,0,True,0,0.9970792531967163
497,2,2,True,0,0.6040627360343933
498,0,0,True,0,0.9992783665657043
499,0,0,True,0,0.7661864757537842
500,2,2,True,0,0.5993488430976868
501,4,4,True,0,0.7810104489326477
502,2,4,False,2,0.4611681401729584
503,3,2,False,1,0.3787110447883606
504,0,0,True,0,0.9903869032859802
505,0,0,True,0,0.9447020888328552
506,2,1,False,1,0.6185259819030762
507,1,3,False,2,0.4424956738948822
508,0,0,True,0,0.9671134948730469
509,1,2,False,1,0.5302069783210754
510,1,2,False,1,0.6540400981903076
511,1,0,False,1,0.5535181760787964
512,2,2,True,0,0.5008324384689331
513,2,4,False,2,0.5518813133239746
514,0,0,True,0,0.9887509942054749
515,2,2,True,0,0.34857437014579773
516,0,0,True,0,0.9964843988418579
517,4,2,False,2,0.433516263961792
518,0,0,True,0,0.9890165328979492
519,2,2,True,0,0.4008462429046631
520,0,0,True,0,0.9870461225509644
521,0,0,True,0,0.9990711212158203
522,2,2,True,0,0.5209909677505493
523,0,0,True,0,0.9996708631515503
524,0,0,True,0,0.9997460246086121
525,0,0,True,0,0.9887702465057373
526,0,0,True,0,0.7349231243133545
527,0,0,True,0,0.6792731881141663
528,3,4,False,1,0.6890510320663452
529,0,0,True,0,0.9994246959686279
530,0,0,True,0,0.9991301894187927
531,2,2,True,0,0.3787110447883606
532,2,2,True,0,0.511890172958374
533,0,0,True,0,0.999441921710968
534,0,0,True,0,0.9924443364143372
535,2,2,True,0,0.5658884048461914
536,0,0,True,0,0.9902623295783997
537,3,4,False,1,0.9630554914474487
538,0,0,True,0,0.9922665953636169
539,0,0,True,0,0.9147137999534607
540,3,3,True,0,0.47318124771118164
541,2,2,True,0,0.4193853437900543
542,0,0,True,0,0.998140811920166
543,2,3,False,1,0.3731875717639923
544,0,0,True,0,0.9935372471809387
545,4,3,False,1,0.465195894241333
546,2,2,True,0,0.7728215456008911
547,0,0,True,0,0.9708995223045349
548,0,0,True,0,0.9942966103553772
549,2,2,True,0,0.6124230623245239
