run_id,trial_id,group,status,selectable_for_final_model,change_vs_baseline,trial_rationale,result_stage,backbone,backbone_parameters,trainable_parameters,preprocessing_variant,augmentation,image_size,dropout_rate,phase1_learning_rate,phase2_learning_rate,phase2_unfreeze_top_n,class_weights_enabled,class_weight_mode,oversampling_enabled,batch_size,weight_decay,phase2_lr_schedule,seed,split_fingerprint,pilot_train_images,pilot_validation_images,pilot_train_fraction,pilot_validation_fraction,epochs_run,pilot_phase1_epochs_run,pilot_phase2_epochs_run,best_val_loss_epoch,train_val_accuracy_gap_at_best_epoch,clean_train_minus_validation_accuracy_gap_at_best_epoch,val_loss_rise_after_min,training_time_seconds,pilot_validation_accuracy,pilot_validation_qwk,pilot_validation_macro_f1,pilot_validation_loss,pilot_recall_class_0,pilot_recall_class_1,pilot_recall_class_2,pilot_recall_class_3,pilot_recall_class_4,ram_gb_after_trial,gpu_mem_gb_after_trial,delta_validation_accuracy,delta_validation_qwk,delta_validation_macro_f1,delta_recall_class_0,delta_recall_class_1,delta_recall_class_2,delta_recall_class_3,delta_recall_class_4
20260930_155003,class_weights_off,balancing,completed,True,Class weights ON -> OFF,Measure how much inverse-frequency weighting changes minority-stage recall and overall QWK.,pilot_screen,efficientnetb3,10783535.0,8850627.0,default_ben_graham,True,300.0,0.5,0.001,1e-05,120.0,False,none,False,16.0,0.0001,plateau,42.0,81977993943ed45c8e675e2fdc7bace5df47391b893638d92938115adec43a2f,2561.0,551.0,1.0,1.0,10.0,4.0,6.0,8.0,0.0185789465904235,0.0401197729110718,0.0092575550079345,596.1,0.7658802177858439,0.8028009600479576,0.4939351486726485,0.907921016216278,1.0,0.4285714285714285,0.7666666666666667,0.0,0.2666666666666666,7.042,0.9,0.05989110707803991,0.03029596647286692,-0.0512832319271172,0.07380073800737996,-0.3928571428571429,0.3933333333333334,-0.2413793103448276,-0.3777777777777779
20260930_155003,class_weights_sqrt,balancing,completed,True,Balanced -> sqrt (softer) class weights,Test whether a softer correction keeps minority-stage recall without over-weighting the rare Severe images.,pilot_screen,efficientnetb3,10783535.0,8850627.0,default_ben_graham,True,300.0,0.5,0.001,1e-05,120.0,True,sqrt,False,16.0,0.0001,plateau,42.0,81977993943ed45c8e675e2fdc7bace5df47391b893638d92938115adec43a2f,2561.0,551.0,1.0,1.0,7.0,4.0,3.0,5.0,-0.0663788914680481,0.035713258266449,0.0037915110588073,469.6,0.7422867513611615,0.8042498150078217,0.5147295482310683,0.9572462439537048,0.977859778597786,0.375,0.6733333333333333,0.1034482758620689,0.4222222222222222,7.421,1.023,0.0362976406533575,0.03174482143273094,-0.03048883236869737,0.05166051660516591,-0.4464285714285714,0.30000000000000004,-0.1379310344827587,-0.22222222222222227
20260930_155003,oversampling_instead,balancing,completed,True,Class weights -> on-the-fly oversampling,Balance batches by sampling each stage equally instead of re-weighting the loss.,pilot_screen,efficientnetb3,10783535.0,8850627.0,default_ben_graham,True,300.0,0.5,0.001,1e-05,120.0,False,none,True,16.0,0.0001,plateau,42.0,81977993943ed45c8e675e2fdc7bace5df47391b893638d92938115adec43a2f,2561.0,551.0,1.0,1.0,10.0,4.0,6.0,2.0,-0.1831917762756347,0.0627150712013244,0.0220304727554321,590.7,0.7513611615245009,0.8185974599172333,0.5114150225848174,0.9451578855514526,0.970479704797048,0.7142857142857143,0.6466666666666666,0.0344827586206896,0.2888888888888888,8.215,1.151,0.04537205081669693,0.04609246634214259,-0.03380335801494827,0.044280442804428,-0.1071428571428571,0.2733333333333333,-0.206896551724138,-0.3555555555555557
20260930_155003,ablation_no_ben_graham,preprocessing_ablation,completed,False,Ben Graham ON -> OFF (crop + resize only),Measure the model-level contribution of Ben Graham illumination normalisation.,pilot_screen,efficientnetb3,10783535.0,8850627.0,ben_graham-0,True,300.0,0.5,0.001,1e-05,120.0,True,balanced,False,16.0,0.0001,plateau,42.0,81977993943ed45c8e675e2fdc7bace5df47391b893638d92938115adec43a2f,2561.0,551.0,1.0,1.0,6.0,3.0,3.0,1.0,-0.1036601662635803,0.0404210777282715,0.0248322486877441,387.7,0.6715063520871143,0.7494290087320091,0.4650848041880923,1.059873104095459,0.992619926199262,0.2857142857142857,0.3666666666666666,0.2068965517241379,0.5333333333333333,8.682,1.288,-0.034482758620689724,-0.0230759848430816,-0.0801335764116734,0.06642066420664194,-0.5357142857142857,-0.00666666666666671,-0.034482758620689696,-0.11111111111111116
20260930_155003,ablation_clahe_instead,preprocessing_ablation,completed,False,Ben Graham -> CLAHE (LAB L-channel),Compare histogram-based local contrast (CLAHE) against Gaussian background subtraction.,pilot_screen,efficientnetb3,10783535.0,8850627.0,ben_graham-0_clahe_enhancement-1,True,300.0,0.5,0.001,1e-05,120.0,True,balanced,False,16.0,0.0001,plateau,42.0,81977993943ed45c8e675e2fdc7bace5df47391b893638d92938115adec43a2f,2561.0,551.0,1.0,1.0,9.0,4.0,5.0,7.0,-0.1135162115097045,0.0204900288581848,0.0063246488571166,588.9,0.7695099818511797,0.8516373703471946,0.5745799273328873,0.9945385456085204,0.959409594095941,0.4464285714285714,0.7266666666666667,0.2068965517241379,0.5333333333333333,9.103,1.418,0.06352087114337568,0.07913237677210383,0.029361546733121635,0.033210332103320916,-0.375,0.3533333333333334,-0.034482758620689696,-0.11111111111111116
20260930_155003,ablation_no_augmentation,augmentation_ablation,completed,False,Augmentation ON -> OFF,Measure the contribution of training-only geometric and photometric augmentation.,pilot_screen,efficientnetb3,10783535.0,8850627.0,default_ben_graham,False,300.0,0.5,0.001,1e-05,120.0,True,balanced,False,16.0,0.0001,plateau,42.0,81977993943ed45c8e675e2fdc7bace5df47391b893638d92938115adec43a2f,2561.0,551.0,1.0,1.0,10.0,4.0,6.0,10.0,-0.0104314684867858,0.0924900288581848,0.0,389.0,0.7695099818511797,0.8449172739587616,0.6278465203208927,0.922709047794342,0.959409594095941,0.8214285714285714,0.54,0.5172413793103449,0.4888888888888889,9.49,1.555,0.06352087114337568,0.07241228038367087,0.08262813972112704,0.033210332103320916,0.0,0.16666666666666674,0.27586206896551724,-0.1555555555555556
20260930_155003,backbone_resnet50,backbone,completed,False,EfficientNetB3 -> ResNet50,Residual backbone with more parameters and FLOPs; tests whether the EfficientNet choice is justified.,pilot_screen,resnet50,23587712.0,23196165.0,default_ben_graham,True,300.0,0.5,0.001,1e-05,120.0,True,balanced,False,16.0,0.0001,plateau,42.0,81977993943ed45c8e675e2fdc7bace5df47391b893638d92938115adec43a2f,2561.0,551.0,1.0,1.0,9.0,4.0,5.0,7.0,-0.0732040405273437,0.0235644187927246,0.0498247146606445,548.6,0.7604355716878403,0.8264497517710995,0.5981159985255233,0.9027165174484252,0.915129151291513,0.5357142857142857,0.7466666666666667,0.3793103448275862,0.4,9.727,1.857,0.05444646098003625,0.053944758196008746,0.052897617925757645,-0.011070110701107083,-0.2857142857142857,0.3733333333333334,0.1379310344827586,-0.24444444444444446
20260930_155003,backbone_mobilenetv2,backbone,completed,False,EfficientNetB3 -> MobileNetV2,Lightweight mobile backbone; quantifies the accuracy cost of a deployable low-compute model.,pilot_screen,mobilenetv2,2257984.0,2502213.0,default_ben_graham,True,300.0,0.5,0.001,1e-05,120.0,True,balanced,False,16.0,0.0001,plateau,42.0,81977993943ed45c8e675e2fdc7bace5df47391b893638d92938115adec43a2f,2561.0,551.0,1.0,1.0,10.0,4.0,6.0,8.0,-0.0461069345474243,0.0403085565567016,0.1076705455780029,558.0,0.6696914700544465,0.7678457870674472,0.519372465589331,1.030321717262268,0.918819188191882,0.5357142857142857,0.3533333333333333,0.3793103448275862,0.5777777777777777,9.824,1.893,-0.0362976406533575,-0.00465920650764351,-0.02584591501043465,-0.0073800738007380184,-0.2857142857142857,-0.020000000000000018,0.1379310344827586,-0.06666666666666676
20260930_155003,backbone_efficientnetb0,backbone,completed,False,EfficientNetB3 -> EfficientNetB0,Smaller member of the same family; tests whether B3's extra capacity is needed on 3.6k images.,pilot_screen,efficientnetb0,4049571.0,3996845.0,default_ben_graham,True,300.0,0.5,0.001,1e-05,120.0,True,balanced,False,16.0,0.0001,plateau,42.0,81977993943ed45c8e675e2fdc7bace5df47391b893638d92938115adec43a2f,2561.0,551.0,1.0,1.0,8.0,4.0,4.0,2.0,-0.1276115179061889,0.0382322940826416,0.0330486297607421,508.0,0.7495462794918331,0.8155551162174185,0.566485189633078,0.9687095880508424,0.948339483394834,0.6428571428571429,0.66,0.2413793103448276,0.3111111111111111,10.133,1.949,0.04355716878402904,0.04305012264232777,0.02126680903331235,0.022140221402213944,-0.1785714285714285,0.28666666666666674,0.0,-0.33333333333333337
20260930_155003,backbone_densenet121,backbone,completed,False,EfficientNetB3 -> DenseNet121,Densely connected backbone widely used in medical imaging.,pilot_screen,densenet121,7037504.0,2956805.0,default_ben_graham,True,300.0,0.5,0.001,1e-05,120.0,True,balanced,False,16.0,0.0001,plateau,42.0,81977993943ed45c8e675e2fdc7bace5df47391b893638d92938115adec43a2f,2561.0,551.0,1.0,1.0,8.0,4.0,4.0,6.0,-0.0479111671447753,-0.000656997680664,0.0269621610641479,503.7,0.7386569872958257,0.8207340455953983,0.5893296500748326,0.9064896702766418,0.974169741697417,0.8928571428571429,0.36,0.6206896551724138,0.4666666666666667,10.79,2.017,0.03266787658802173,0.04822905202030758,0.04411126947506694,0.04797047970479695,0.07142857142857151,-0.013333333333333308,0.3793103448275862,-0.1777777777777778
20260930_155003,scratch_cnn_4block,scratch_baseline,completed,False,EfficientNetB3 (ImageNet) -> small CNN from scratch,"Transfer-learning baseline: 4 conv blocks with random initialisation, trained end to end for the same total epoch budget, to show what ImageNet pretraining contributes.",pilot_screen,scratch_cnn,389856.0,456485.0,default_ben_graham,True,300.0,0.5,0.001,1e-05,17.0,True,balanced,False,16.0,0.0001,plateau,42.0,81977993943ed45c8e675e2fdc7bace5df47391b893638d92938115adec43a2f,2561.0,551.0,1.0,1.0,5.0,5.0,0.0,3.0,0.2957081347703933,0.0356261330842971,1.1749560832977295,259.4,0.0943738656987295,0.0879475918948211,0.0599870717517776,1.6935009956359863,0.003690036900369,0.8035714285714286,0.0,0.0,0.1333333333333333,10.502,2.024,-0.6116152450090745,-0.6845574016802696,-0.4852313088479881,-0.9225092250922511,-0.017857142857142794,-0.3733333333333333,-0.2413793103448276,-0.5111111111111112
