duplicate_group,n_images,id_codes,labels,n_distinct_labels,conflicting_labels,split
9,2,00cb6555d108;ca25745942b0,1;1,1,False,train
15,185,0125fbd2e791;0212dd31f623;025a169a0bb0;04579e31e4be;05e9126dfa5c;07751b94a88a;0851d6a69589;09237bf783a4;09c8323c612e;0c38940e1f80;0daddc45d832;10bf25731c08;12ab2f6397f0;13d014ccd136;1409ab48175a;144a1a426137;1509d097b69a;15e24b73d4a7;1601c939412f;18b99159a14f;19545647508e;1a1e974a7dbf;1ca35d483772;1ca91751be4d;1d37f1c8b6d8;1da4a17c18c9;1f31701dd61b;1faf8664816c;201f6e10c108;21037f5c7790;26cd40b57ad1;26fc2358a38d;27933cdbe0cc;2da82d14e1b7;315c1a0d87fd;32ed318235b8;3325b1fe55d2;348598d01e18;35df2bc6ae95;369229040a34;389552047476;3af9aaa880e9;3b0190bbe615;3bf2deaa5ef0;3c28fd846b43;3c72f580d4ba;3cab32dd6ef9;3f5b4c2948e8;3f98be586fe3;4350a1b2f3cb;44a86263117b;461fa5292fda;4a05f81b3aba;504a69096fcb;51a078d6d43a;52ddde91a349;52edbe29d655;54038e56131d;565f3404f9b2;58a9e0d7f7af;59bd19c1c5bb;5a0fe0ee4301;5a444c32cd9a;6155cf375354;62b826899151;65f5d2a6eb7e;6a2642131e4a;6a57a3db3eff;6b66b0e86f7e;6d4f6c9a8406;6d6fcf49e515;6dc0281f11e3;6dc07f968794;6e092caa065f;6e44f6d04fc9;6f0e5848d9ce;6fe67fd7f5d1;71e43b4f8ba6;7526c59c36d3;75369248dba0;757e39293591;799214e8b07c;79cbae28d8b2;7adfb8fc0621;7ae69d22075a;7af4d8704032;7bc00e58d419;7e77b61e1639;80c67efc8101;835b9f6e12ba;840a06a9c690;84b4da14bc23;86410aa13b3e;874f8c1929f6;883ddb650967;8aa3c4681542;8b568d47a1fd;8c29a76fa08c;8ceff4c4c860;8fbb2ca39911;9122b31414d3;93d6d20a5ee3;9688c6ef5dc5;973b0facfa9b;976082127e2a;97d02a9b94f7;98e44127872f;9985375d709f;9c6512166557;9c893e16c055;a06a63d866b2;a1b28bcbce00;a1eb88562239;a3bd2e034614;a484bdf85b4c;a53d6d2472a6;a5c9a8c726b2;a6731dd737af;a7b03e58a6e1;aa4407aab872;aa94cc4bfd84;aabd867043cf;aafb0c944f14;aafe980edd0c;ac1667fac512;ad312ca98202;ad93d88c87ea;b07bc463b718;b0b3b16fc305;b0f0fa677d5f;b294927b14b0;b2b79b37d314;b460ca9fa26f;b5e6ae31493c;b71428739d4e;b72a86d61959;b9bc81fcb075;bb752b179751;bc23f74e14dd;c096131ad065;c38dec54a9f7;c446985355f1;c704bd669f36;caec68f11c86;cc964bf04dbc;ce754234d760;d0926ed2c8e5;d667af5742f6;d74ccc796517;d7ac4a0c9760;d911dd40c63b;d99b0f7dd9b9;dccdf750c962;dce73d90c00c;e150935f66a6;e1b8acb1cea1;e4dcca36ceb4;e59c5f345bb0;e632e38fd2d4;e66ad813a508;e6a5e4718873;e82232a3c28b;ea9c41e1ced0;ebf4b22240f4;ed6bd9293a89;eed4afc8ec83;ef7eb85b75fc;f00ce9b9d6f4;f366fb1cc475;f3b27ac2d371;f451eee2b66b;f4df3d86688d;f4ea2a2cfbb9;f5c953bee7cd;f64b6e85f1c9;f90f8931a9bc;f994a3b07935;f9aa35187bf3;f9d52509c571;fa573163dd8b;fca1a8738b8a;fdc685055659;fed5bb685832;ff1e940105f9;ffd97f8cd5aa,0;0;2;0;0;0;0;0;0;0;0;0;0;0;0;2;0;0;0;0;0;0;0;0;0;0;0;0;0;0;0;0;0;0;0;0;0;0;0;0;0;0;0;0;0;1;0;2;0;0;0;0;0;0;0;0;0;0;0;0;0;0;0;0;0;0;0;0;0;0;0;0;0;0;0;0;0;0;0;0;0;0;0;0;1;0;0;0;0;0;0;0;0;0;0;0;0;0;0;0;0;0;0;0;0;0;0;0;0;0;0;0;0;0;0;0;4;0;0;0;0;0;0;0;0;0;0;1;0;0;0;0;0;0;1;0;0;0;2;0;0;0;0;2;0;0;0;0;0;0;0;0;0;0;2;0;0;0;0;0;0;0;0;0;0;1;0;0;0;0;0;0;0;0;0;0;0;2;0;0;0;0;0;0;0,4,True,train
16,2,012a242ac6ff;1f07dae3cadb,2;2,1,False,test
19,2,0161338f53cc;cac40227d3b2,2;2,1,False,validation
26,3,01f7bb8be950;1db18bdd43aa;41960d5f58c2,0;2;0,2,True,validation
31,3,0243404e8a00;3b018e8b7303;3ddb86eb530e,4;3;2,3,True,train
33,2,026dcd9af143;98e8adcf085c,2;2,1,False,train
35,13,02da652c74b8;2b4c7b5f1f1e;2eba4279e503;38e0e28d35d3;4e4a6224a04e;549381330191;821789e9053f;8acdf12f412a;999ad827ed35;9d75de31f1b8;b0619ca93a5f;c98f623d08d1;e4ae1ee6aada,0;0;0;1;0;0;1;0;0;0;0;0;0,2,True,test
40,2,033f2b43de6d;e580676516b0,2;1,2,True,train
41,3,034cb07a550f;c8d2d32f7f29;d2c6b99ef62c,4;4;2,2,True,train
45,180,03a7f4a5786f;0423237770a7;04efb1a284cc;054b1b305160;0a4e1a29ffff;12058bbb8299;12ef75375322;143db89c11c8;15b21c80cc31;15c24478ac72;15f8d769935c;16060f05d047;165c548185f8;174db0854291;1ae3c58759fb;1b398c0494d1;1b862fb6f65d;1c3a6b4449e9;1db6bb46c102;1df1530b9b8d;1f3f32efaf20;1f4fb37e0854;218c822a3dd9;266fbefa58fb;29d059522fa1;2dd28ac497d2;3286073a976e;32d7d360d891;38b9bb961847;38f1901f214a;3b9817a39adf;3c9529918097;3ca12e02dd4e;3cdef7c591cc;3d663a6a50a3;41ab357d103f;4205e9deb058;42b93b574f23;4409965eb2a4;44a4d04162cc;45693d027798;46acc506fa61;475300735b7f;4826d10030b3;4926dea289f8;496155f71d0a;4aa3d771c5e4;4ab8c0cece7f;4b6895d0cf8d;4bcee3cbe232;4cae247d9909;4d167ca69ea8;4e54ccfd49b2;501c319f7a9f;513b0a4651fa;529906ff9dfa;5299a532f0e0;545df1bbcd61;5814cbd2e9bf;5ad3dabeb2cd;5b32ece9c627;61c667663f2f;62b4be2799ca;63b71347e95d;63c0eafd6aa9;65a7fe9482fe;668a319c2d23;674057ab250c;675de69373f8;67c03349bb31;68987fb159ab;6b3860e8f64f;6bb30ec3231a;7179f85bfd6f;721214151233;73ba798fee25;73ef3c3dcbe4;75238d945315;75ed83dbccce;76095c338728;780f9daaa24b;7a42443ed106;7ccf9d25dc48;7d0a871c45db;7ec0e61a7e29;7ef5ff774a48;80b5697f2a5e;81914ceb4e74;82088c6734e6;842d697884f6;84b79243e430;8660e1864665;87295c5fa1cc;883c6a184f16;88e4399d207c;8b079e79035f;8d13c46e7d75;8e67f2d7e0ee;8e76054f0831;8ead8f37423c;902dc5a91a3f;94076a9fb9b5;946545473380;974c7d7b9c64;99c6a123ed6a;9a1029536d78;9ac2e3e9fca5;9b70f84400af;9ce46d400cd6;9f285b3e57ed;a07d9a5045cb;a1edf0e66592;a30a143a53a3;a61723fc38c2;a673193cd5a9;a73d012c4c38;a76132e79688;a7c10ca6c117;a86128b601a7;a88365134c3c;a8dea22ef903;a96ff96bbae5;ab653b8554c0;acf976efd7ce;b086c7cd3868;b22cc1bf0b8a;b2b7ccd34cbd;b4b04d81acbb;b598bc9753c2;b5bf7b84fc66;b67ae80f7eba;b77b88926843;b7ce561a7328;b8dab47a260e;bd06028eb7dd;bd34a0639575;bda7ff3b1562;bdf47b9f10c4;bf7b4eae7ad0;bffca6eeb2bf;c1819db0aece;c18a006f7f1d;c24bcf7a1bc4;c2f3281cf528;c56293f53191;c6a8f8f998a2;c6d4e4a3bd4c;c9e697117f3f;cb2f3c5d71a7;d16e59a2b33a;d5b4705ac2ee;d6b109c82067;d6df4fe492ec;d774692d9919;d88c4843aec3;d9ad2a0ec026;da9574d35b82;de55ed25e0e8;e12df54e0d1e;e135d7ba9a0e;e16af45285e5;e1dc02a3dc2a;e29e54ff921e;e2c39ed0c941;e4d3d437b0a8;e5f73f2855c0;e6552b7432b3;e77a93c3d9a9;ec01f0862669;ec6f1797a25a;ed2c52c14493;eda1d75cbcf0;ef99c499d665;f09cfc6a4dbd;f4d3169b468a;f580566e27f5;fb1b8771c70a;fb88783de055;fe3f62695b2d;ff631653374e,4;0;0;0;0;0;0;0;0;0;0;0;0;0;0;0;0;1;0;0;0;0;0;0;0;0;0;0;1;0;0;0;0;0;2;0;0;2;0;0;0;0;0;0;0;0;0;0;0;0;1;0;0;0;1;0;0;1;0;0;0;0;0;0;0;0;0;2;0;2;0;0;0;0;0;0;0;0;0;0;0;0;0;0;0;1;0;0;0;2;0;0;0;0;0;0;0;0;0;0;0;0;0;0;0;0;0;0;0;0;0;0;0;0;0;0;0;0;0;0;0;0;0;0;0;0;0;0;0;0;0;0;0;0;0;0;2;0;0;0;0;0;0;0;0;0;0;0;1;0;1;0;0;0;0;0;0;0;0;0;0;0;0;0;0;0;0;0;0;0;0;0;0;0;0;0;0;0;0;0,4,True,train
46,116,03b373718013;08037e4490e5;08bef347f40d;08f8838d69bb;0e3572b5884a;10f6ef37fe43;11d8e5eaee5b;155e2df6bfcf;17f6c7072f61;1a0dbc6c0cda;1c13a1483f4a;1c7a013eeba7;1d3e9b939732;29192375ab1b;2a2a6435f7f3;2a4520f1f9a3;3254e48c8aa0;35362d43e753;359bab5d784b;370f575adb23;37c523296d42;384db24ebbd7;38c7153457e2;3908b3cfd620;39f8935185e6;3f6c627e2ff2;415f2d2bd2a1;4927945ecfed;5077cdb88aed;571bbdbf585e;58c12863f33d;5b3d41626ec5;5c817060c0ed;5ca779ace6e7;5d5b5da5f939;5d6239c0fd39;5e5275ddee29;6110ecb3bb1c;6324d77cf926;650104ede84c;66bfec8d6bcd;68ddb15a74de;691eeb59b4cb;7347bd23ba80;75a071608ea6;763ad1236efe;7828dd083cdc;7b87b0015282;7ce671f952be;7d94a000c2d0;7eeb191ad06b;8185ce1cdcef;83df53d58f28;878e356c8fc9;87a9f4d20f07;8bf2d925dc0c;901a3552fe26;90a786abe58e;912fbe06407e;930fee99213a;941d874c8afb;96ce10a1dbd7;9cf7c1349673;9e2058917304;9fa02dfb5553;a0adbe677508;a247961a5cd9;a2811f512c1c;a2b995b81692;a646c084928c;a85cda5f725d;abbb8791785e;b05922e7abd3;b5204c0decc7;b553e7909535;b5a3ca5c0a80;b5b913358b32;b835b6e31a59;b92eacd1392a;bac1744955c2;bf9cba745efc;bfa30ebf63a8;c334f8688b77;c365c598ad4e;c4aef0d88d1b;cd941e5bc659;ce6f33a81ad5;d02b79fc3200;d1afdb8cf70d;d1b279cc02ae;d1ca85af57c9;d39752cb6e57;d51e5d7484ea;d69698f838db;d6dbb0820ea5;d6f6bdfd8011;da9fe02dead3;dec5595e6154;dfc7ec7db0e0;e01b7bac822b;e04f3c6619a3;e33766353db2;e4a44f9158dc;e4c799738a19;e60e4edb3ca9;e66855a5c583;e7291472109b;ea5c42a78979;ea7e21bab610;eabf421f94d0;eda29a9d78f3;f1d719c97838;f3a4751af42e;fa7fa797c650;fa9f1bc03f21;fd0a70082e7c,0;0;0;0;0;0;0;0;0;0;0;0;0;0;0;0;0;0;0;0;0;0;0;0;0;0;0;0;0;0;0;0;0;0;0;0;0;0;0;0;0;0;0;0;0;0;0;0;0;0;0;0;0;0;0;0;0;0;0;0;0;0;0;0;0;0;0;0;0;0;0;0;0;0;0;0;0;0;0;0;2;0;0;0;0;0;0;0;0;0;0;0;0;0;0;0;0;0;0;0;0;0;0;0;0;0;0;0;0;0;0;0;0;0;0;0,2,True,train
47,10,03c85870824c;2bb063318cf1;2f284b6a1940;4384fa687afa;4478b870e549;49d69c4c6290;6028a575dc27;63363410389a;bb5083fae98f;e7a372a1c3a4,3;3;4;2;2;2;1;1;3;2,4,True,train
50,25,03ff7d159f10;0dbaa09a458c;17eff993386f;23148a40ecb0;2628305cbb29;3428230bf1bd;3ee4841936ef;499c8df39222;613bacb35c05;61bbe8db6f3a;63b4d030b016;7005be54cab1;76e589911303;81bc03e2ff2b;85cc6d636898;86722fcd802c;887c26fc0e1f;a7b7dc8788b9;aed4e743c230;b033ab4fb723;c0968d41eb93;c1799a6f5c65;c261b1aaa828;df84e7113003;fdd18ccbbdc5,2;2;1;2;4;2;4;4;1;1;4;1;1;2;2;2;4;2;2;2;1;4;2;4;1,3,True,validation
52,29,041f09eec1e8;0f495d87656a;1c9c583c10bf;207a580de0ea;2b48daf24be0;2f2e1949ad56;331b87d1b9d1;3a1ecf5e2839;3c311c9109b0;3f47f83217b5;44f4ae58990e;50a2aef380c8;5265dc9acdf8;5e7cc6ab4ac4;71f6a6e4620a;75a7bc945b7d;7b20210d9120;98104c8c67eb;9a94e0316ee3;a2ad3da4c7d6;a721efb1e049;c5ba9e455d5e;ccd34029493d;d0d59ed675b5;d1a24527a15d;db49cdf1ea64;ea15a290eb96;eb1d37b71fd1;ed2c06fcc573,2;1;0;2;3;1;2;4;2;2;2;3;2;2;1;2;1;2;3;2;2;3;2;1;4;2;1;4;2,5,True,test
55,2,04ac765f91a1;3044022c6969,1;1,1,False,validation
57,4,04d029cfb612;224bb938e2dd;b17f0b81dab3;b762c29cf2f3,2;2;1;2,2,True,train
66,2,05a5183c92d0;63a03880939c,1;1,1,False,train
76,2,06be1092a062;9a159d4674cd,0;0,1,False,train
79,2,070d4ce5fd90;66b88a4bc474,0;0,1,False,validation
83,2,07419eddd6be;81b0a2651c45,2;2,1,False,train
84,2,07596907347b;966c07831334,0;0,1,False,train
99,3,086d41d17da8;b0f8613305a3;e6a6acf7fca1,1;0;2,3,True,train
115,6,09934421c79e;10de500cf0c5;4982378d72f9;61d9c88a3a4b;af6166d57f13;db3cd58aa315,0;0;0;0;0;0,1,False,test
123,2,0a38b552372d;415d5c5e785f,0;0,1,False,train
125,17,0a74c92e287c;0d8f60ed9280;13c191b59ed0;260a455692b5;2b5bb6d33959;61a62b1dcc36;67ed8cc78b97;6b30767595d8;720b5f62ce80;87d46b1cc4e9;898f0bc8acfa;ab03d50bba2f;bd375ba756b1;c373b73a80c8;d4bc001f7224;ef247f28004f;ffc04fed30e6,0;0;0;0;0;0;0;0;0;0;0;0;0;0;0;0;0,1,False,test
128,2,0a9ec1e99ce4;7b49041cbf17,2;3,2,True,train
129,3,0abf0c485f66;7c3747c0b2c3;a94da3d3b5c0,0;0;0,1,False,test
130,2,0ac436400db4;fda39982a810,2;3,2,True,train
133,3,0ae2dd2e09ea;881ec6186e68;8a482c024fc2,0;0;0,1,False,validation
134,4,0af296d2f04a;82f2784ead76;c0a0828e01b4;d4f32b9c07df,2;2;3;1,3,True,train
138,2,0b2ea8f268cf;f8d62557ad0c,0;0,1,False,train
140,2,0b64a0a06f9a;684dd88a0d49,0;0,1,False,train
148,4,0c7e82daf5a0;3e86335bc2fd;42985aa2e32f;6165081b9021,2;2;0;1,3,True,validation
151,10,0cae727cf119;2ef10194e80d;388279491b5d;aeab0a63bcaf;bab776139279;be7f791a7877;d56d32a1d62d;da949aa67a4f;dc0f6e5b489b;f48241b0c995,0;0;0;0;0;0;0;0;0;0,1,False,validation
152,2,0cb14014117d;4a44cc840ebe,3;2,2,True,train
153,2,0cb6b898389f;fd4c946c52bf,0;0,1,False,train
154,3,0cbcc7b23613;436fa3fd145a;4ef16a53d899,0;0;0,1,False,test
155,33,0cd31078cd08;1f5496352859;289a47dcbb82;2cf18033da31;33596a635b53;33b978734eab;38373431d996;4036471a1bb7;4a4cb731f91a;4c53cc97ea13;67d8f94f04e0;6cb96a6fb029;830e297965a1;99c626e58464;a8854768549f;aa6242f9e08c;aeb6f4fd2eed;af87d48ffe01;b16dd4483ca5;b64e1eef3d63;b72f59b85f7c;b74de20d73de;cd01f4f83336;cd314653a4d8;d4583e9525dc;d516f77d4516;ddb222ff7c1d;de4cdabbce6d;e1c02f6c3362;e97ecf4355cb;ee77763a6afb;f431f2e119d7;f7508f14dd7b,0;0;0;0;0;0;0;0;0;0;0;0;0;0;0;0;0;0;0;0;0;0;0;0;0;0;0;0;0;0;0;0;0,1,False,validation
156,4,0ce062f26edc;5e97cb2b0888;97a235367f9d;eabc7c716255,0;0;0;0,1,False,test
171,2,0dce95217626;94372043d55b,1;1,1,False,train
183,3,0eff8eacb2f7;278aa860dffd;f066db7a2efe,2;1;0,3,True,validation
192,2,0fcfc6301f3d;e1e490773462,2;2,1,False,train
198,2,1006345f70b7;435d900fa7b2,2;2,1,False,test
207,2,10f36b0239fb;8c87bd748996,1;2,2,True,test
209,3,1116271db4ea;71c1a3cdbe47;79ce83c07588,1;1;1,1,False,train
210,2,111898ab463d;33105f9b3a04,1;1,1,False,train
212,2,11242a67122d;65c958379680,4;4,1,False,test
218,2,12025b34deb8;ffec9a18a3ce,2;2,1,False,test
223,2,12bc439d373a;57a710de68a4,0;0,1,False,test
225,2,12e3f5f2cb17;d567a1a22d33,1;1,1,False,train
229,2,135575dc57c9;2c2aa057afc5,2;2,1,False,train
233,2,1411c8ab7161;8acffaf1f4b9,2;2,1,False,train
237,2,144b01e7b993;1e143fa3de57,2;2,1,False,train
238,2,14515b8f19b6;ba2624883599,2;2,1,False,test
239,17,14c3b41d289c;28a4d00927b7;3dec415b188a;3f49f8d100e9;4a96c28f3f07;5548a7961a3e;5905a9b06a73;711d1480d2e3;77a1f1398fdb;785777558f05;8846b09384a4;9ba469af2980;aa60813e1a8d;cd01672507c9;d06ccd0cf4b8;dcc6c0ad5cad;e5f332efcbc7,0;2;0;3;0;1;2;2;0;4;0;0;0;0;1;0;0,5,True,test
240,2,14e3f84445f7;f0f89314e860,3;4,2,True,train
243,6,150fc7127582;191cf5668f33;4e231670b48c;83a63c4a3e4a;a44345b27804;fc782722a50c,0;0;0;0;0;0,1,False,validation
248,2,1594ca6c30d3;f9156aeffc5e,2;3,2,True,train
254,13,1608c82a263f;26d60db3bbfd;351e842842a2;5fcff7280019;663a923d5398;668e853258cd;7a6e384a0846;96793edb1003;a8263d248523;bfb578c0e8d8;d3be5346684b;fa0c87bd75ce;fb767cea406c,0;0;0;0;2;2;3;0;0;0;2;0;0,3,True,validation
256,2,1632c4311fc9;a75bab2463d4,2;1,2,True,train
258,2,1638404f385c;576e189d23d4,4;4,1,False,train
263,2,16ce555748d8;4d9fc85a8259,4;3,2,True,validation
271,2,17e6116b89b3;3abac0961bfd,0;0,1,False,test
272,3,17eb5d4ad740;32a3eb37ff40;76fe19ff64fb,2;2;2,1,False,train
273,2,180afe1d5ef7;97da093947e8,2;4,2,True,train
294,2,191348830ddf;9cc6b1f9bcbd,2;4,2,True,train
301,2,19722bff5a09;19e350c7c83c,1;1,1,False,validation
307,2,1a1b4b2450ca;92b0d27fc0ec,2;2,1,False,train
313,2,1ade1e949383;d9e58e4d8689,2;0,2,True,train
314,2,1ae8c165fd53;5a36cea278ae,2;2,1,False,train
318,2,1b4625877527;86b3a7929bec,2;2,1,False,train
326,14,1c0e5dd1b14c;2463bb04ebc3;247ac63e5510;4462fba1d2a1;518e880613de;64a13949e879;650fbed3fdca;6f0463c1ff18;8fd7ad26e691;a804cef3e51f;abf09c44d5f4;c3e02d4a1798;c52bb7343387;da44f80b422b,2;2;4;4;4;2;2;2;4;2;2;2;2;2,2,True,train
328,2,1c4d87baaffc;35aa7f5c2ec0,2;1,2,True,train
332,2,1c5e6cdc7ee1;3c53198519f7,2;2,1,False,train
333,2,1c6d119c3d70;a56230242a95,2;2,1,False,test
338,2,1cb814ed6332;a7b0d0c51731,2;2,1,False,train
339,2,1cc58b15f466;c31651ea04c6,0;3,2,True,train
341,2,1d11794057ff;cfd1bd0fcbb4,1;1,1,False,train
343,7,1d2472849dce;242fc19be06f;356304d15a5c;64b9206afb3f;705f508d1e42;8448af27ba07;a987aa7aac37,0;0;0;0;0;0;0,1,False,validation
350,7,1db0393cdbc1;26d9576e8043;568455854a11;6cffc6c6851a;a0e635689259;d7a01fca9838;e2265c383348,0;0;0;0;0;0;0,1,False,test
356,3,1dfbede13143;38fe9f854046;89d9c071a56f,2;2;1,2,True,train
364,3,1e8a1fdee5b9;a47432cd41e7;b8ebedd382de,1;1;1,1,False,train
366,2,1e9224ccca95;f6f3ea0d2693,4;4,1,False,train
368,2,1ee1eb7943db;c2d2b4f536da,2;2,1,False,test
372,2,1f0e223b8055;3218a6d8eb2c,2;3,2,True,train
373,2,1f15ca672675;ad6b07d5c338,0;0,1,False,train
379,2,1fd5d860d4d7;e17507a4a1f5,4;2,2,True,train
388,5,207dd0487264;28dc010a0780;7e980424868e;a384e688e228;b10fca20c885,0;0;0;0;0,1,False,test
409,2,22895c89792f;bd5013540a13,4;4,1,False,train
423,4,23d7ca170bdb;7d261f986bef;91cbe1c775ef;ea9e0fb6fb0b,2;2;2;2,1,False,train
424,2,23fca0693e2a;ca63fe4f4b52,2;1,2,True,test
432,3,24b943fe725e;3f752fcccec0;51a1d162e223,1;4;4,2,True,train
460,2,26e231747848;36ec36c301c1,2;2,1,False,train
464,2,274f4de2a59d;934104859e68,0;0,1,False,validation
488,2,2923971566fe;badb5ff8d3c7,0;0,1,False,train
490,6,29580bed2f7d;6b869f37cdf3;9ed666e982cd;a386ec9aabde;eeb231c3ef1f;efff2f1a35f5,2;2;1;2;1;2,2,True,train
493,3,2974c6ad1d58;39fd8ef3a45c;5293576816aa,0;0;0,1,False,test
499,3,29f44aea93a4;8dfff47b06b7;94111ed3d276,2;2;1,2,True,train
501,2,2a08ed6bbcbc;873dcc0b468f,1;4,2,True,train
505,2,2a3a1ed1c285;2b21d293fdf2,2;2,1,False,train
515,2,2b2f5a0f880d;64ac539f58cb,0;0,1,False,train
527,2,2c9dfc270f1b;57db4781e7ec,0;0,1,False,test
530,2,2cceb07ff706;8a759f94613a,2;2,1,False,test
544,2,2df07eb5779f;b91ef82e723a,4;2,2,True,train
554,2,2f7789c1e046;a8e88d4891c4,4;3,2,True,train
555,2,2f7fbdcc9a4b;8f14bca04b47,0;0,1,False,train
572,3,30cab14951ac;bdff5d8bddf8;c546670d9684,1;4;0,3,True,test
573,2,30db694bee42;500aad15b7c8,0;0,1,False,train
592,2,33778d136069;4ccfa0b4e96c,3;4,2,True,train
596,2,33d72035c27a;5b1c4cefeb24,0;0,1,False,validation
602,2,3435fd8675a2;c62585bd68fb,3;4,2,True,train
603,3,345b1f0abbba;51d0034d177d;a2b97d98f130,0;2;0,2,True,validation
616,2,3599029efeb3;44976c3b11a6,0;0,1,False,validation
622,2,36041171f441;595446774178,1;1,1,False,test
625,4,365f8c01d994;4a5a6efc0bef;4e1e252317b5;d30d079e6f9a,1;0;0;0,2,True,validation
626,2,36677b70b1ef;7bf981d9c7fe,1;1,1,False,train
632,4,36e4b704b905;5d3c8c1f57da;76cab26493f1;e2ec22b3d07e,0;0;0;0,1,False,validation
637,2,3748349334f6;ca9c912ebad7,2;2,1,False,train
648,2,38487e1a5b1f;b376def52ccc,2;2,1,False,train
659,4,3a1d3ce00f0c;50840c36f0b4;a19507501b40;e9ab8413e771,2;1;2;4,3,True,train
670,4,3b2b91590590;3ca8be3b40d6;51e656e5a541;eebd1e195952,0;0;0;0,1,False,test
671,2,3b4a5fcbe5e0;3ca637fddd56,4;4,1,False,train
681,2,3c78bfca247b;5f70ad48a525,4;2,2,True,train
683,4,3cd801ffdbf0;7525ebb3434d;f1a761c68559;ff52392372d3,2;3;2;2,2,True,train
690,2,3dbfbc11e105;d0079cc188e9,2;3,2,True,train
697,2,3ee17aa12e46;58ccba7eec9c,1;1,1,False,train
700,2,3f44d749cd0b;f9e1c439d4c8,0;0,1,False,train
708,2,3fd7df6099e3;a3b2e93d058b,2;2,1,False,train
709,2,3fe282197c1c;7d48f8cdfb69,0;0,1,False,train
721,2,40e9b5630438;77a9538b8362,1;1,1,False,train
737,3,42a850acd2ac;51131b48f9d4;8cb6b0efaaac,2;1;2,2,True,train
756,3,43fb6eda9b97;bebb3f167654;e4e343eaae2a,2;1;2,2,True,train
763,2,4464bb62bf20;e26bcae6c67b,0;0,1,False,train
765,2,44878f34e31f;db52626d450c,0;0,1,False,validation
772,11,4528fbbd43a3;4dd4a4bf2421;53273d664cd8;82e5bc01f8a4;875d2ffcbf47;958c1fa044ba;a0b7ad98df57;ae58ccb5905e;c5bec7f1e5f3;e3b47ed5b511;f6d760566a51,0;0;0;0;0;0;0;0;0;0;0,1,False,test
776,2,454792eb6e05;bdc6c60e9133,0;0,1,False,train
786,3,4661006f3ba6;ca0f1a17c8e5;ea05c22d92e9,1;2;2,2,True,train
791,2,46cdc8b685bd;e4151feb8443,4;2,2,True,train
794,2,4704dbb59536;ee36ca728641,0;0,1,False,train
796,2,47536db39f00;eedae6b28f96,0;0,1,False,train
807,2,486e852a3b4d;eb175669d789,0;0,1,False,train
809,7,48afe8c47454;74418f620068;8e63fc4ab532;8eb3337a54e9;d6e26fe51dce;d85588ff2ebd;f0098e9d4aee,2;2;2;2;1;1;4,3,True,train
810,2,48c49f662f7d;6cb98da77e3e,2;2,1,False,train
863,2,4ce74e5eb51d;c68dfa021d62,2;2,1,False,test
865,2,4cfd22ae43d4;f35d80bb1a22,0;0,1,False,test
867,3,4d17559ac1e2;523b3f0fc646;55f7f018c61c,0;1;0,2,True,validation
873,4,4d7d6928534a;94b1d8ad35ec;98f7136d2e7a;e740af6ac6ea,1;1;2;4,3,True,train
902,6,4f5dd7660b17;68332fdcaa70;8273fdb4405e;9782c0489eca;b468ebf5cb11;d801c0a66738,0;1;1;1;2;1,3,True,train
909,3,4fecf87184e6;9bf060db8376;f7edc074f06b,3;3;2,2,True,validation
911,2,4ffa38550c95;98d41bce73a8,0;0,1,False,train
929,3,5188a8afa879;60eeae3ba23d;ba25f947f4ec,2;2;2,1,False,train
940,2,521d3e264d71;fe0fc67c7980,2;3,2,True,validation
946,2,525acfea47e8;e6a58edc5b42,2;2,1,False,train
954,2,530d78467615;c1c8550508e0,2;2,1,False,train
957,4,5327f88a1919;a4d41c495666;a8c9fcdbc0be;fd62bd0db4f1,2;2;0;1,3,True,train
967,2,540e4973829e;bc8c6a778cde,0;0,1,False,train
993,3,5728b8aa98ef;77acc2cafee1;916915f01e17,0;0;0,1,False,test
1000,3,57a5f1015504;7c629b491d1a;a790a3b36390,2;4;2,2,True,train
1009,2,586f5c56081e;870f433e8f37,0;0,1,False,train
1012,2,5889a0c75cac;e50b0174690d,0;0,1,False,train
1013,2,58af2c054ced;b66f23ffa730,0;0,1,False,train
1046,2,5b76117c4bcb;e037643244b7,4;4,1,False,train
1047,5,5b804948e35f;6fbaaf8eb67a;726dff37edc0;8693ab1fd2be;e30a890600e1,1;0;0;0;0,2,True,validation
1050,2,5baed382f062;6294b378d09f,0;0,1,False,train
1064,2,5ce5eeaf757a;ccea49708830,0;0,1,False,train
1072,2,5dc23e440de3;f4d3777f2710,2;2,1,False,validation
1079,2,5e7db41b3bee;a1b12fdce6c3,4;2,2,True,validation
1082,2,5eb311bcb5f9;a9e984b57556,2;3,2,True,train
1087,2,5f4a8c074bd5;f7e9fa75c7c1,0;0,1,False,train
1097,3,60f15dd68d30;772af553b8b7;fcc6aa6755e6,4;3;3,2,True,train
1112,2,6253f23229b1;76cfe8967f7d,3;2,2,True,train
1122,2,639915f58a2f;9c514d2d5b3f,0;0,1,False,train
1127,2,64678182d8a8;6b00cb764237,1;1,1,False,train
1132,2,6504b703c429;aad0c0ee9268,0;2,2,True,test
1142,2,65e51e18242b;cc12453ea915,1;1,1,False,validation
1151,2,664b1f9a2087;bcc762618e7d,4;2,2,True,train
1165,2,6810410187a0;69fff98cb32a,2;4,2,True,validation
1188,2,6b07971c3bf6;d6130f2ec903,1;0,2,True,train
1191,2,6b7cf869622a;992599744a23,2;0,2,True,validation
1204,2,6c3745a222da;eadc57064154,4;4,1,False,train
1236,2,6e73acb2cf60;d2ffe9287dc7,4;3,2,True,train
1238,2,6e92b1c5ac8e;9c52b87d01f1,3;3,1,False,train
1245,3,6f689fced922;983c98354e9c;bebfbd907cac,0;0;0,1,False,validation
1256,2,7102f29e052e;74eee788edee,2;3,2,True,train
1263,2,7214fc7cbe03;a0fd94e2ad76,0;0,1,False,test
1291,2,7550966ef777;8d7bb0649a02,2;2,1,False,validation
1293,2,756b0d6488bb;fe37f4492920,1;2,2,True,train
1311,2,76f3473df8a6;d16e39b9d6f0,0;0,1,False,test
1324,2,7877be80901c;ee2c2a5f7d0e,2;2,1,False,train
1325,2,788ddb0b70b7;d9d2631f043c,3;0,2,True,test
1341,2,7a0cff4c24b2;86baef833ae0,2;2,1,False,train
1345,4,7a3ea1779b13;a8582e346df0;c027e5482e8c;ca6842bfcbc9,1;1;1;1,1,False,train
1354,2,7b691d9ced34;d51c2153d151,0;0,1,False,train
1369,2,7d11dbc1e738;dd02d60bef14,0;0,1,False,train
1380,2,7e160c8b611e;91b6ebaa3678,3;3,1,False,train
1382,2,7e5a76c4e103;92587e494d51,0;0,1,False,train
1410,2,80964d8e0863;ab50123abadb,4;2,2,True,train
1414,2,80d24897669f;fea14b3d44b0,1;1,1,False,train
1415,2,80dbeb0fdc75;ec0c9f817b03,0;0,1,False,train
1420,2,80feb1f7ca5e;878a3a097436,2;2,1,False,train
1435,2,82deb07a6618;b65ff67743b2,2;2,1,False,train
1448,2,840527bc6628;857002ed4e49,2;2,1,False,train
1451,2,8446826853d0;8ef2eb8c51c4,2;1,2,True,train
1457,2,84b88e8d3bca;a7673ac44509,0;0,1,False,validation
1464,2,857230f64a2e;8f2996b8d855,4;1,2,True,train
1471,3,8688f3d0fcaf;bfefa7344e7d;d85ea1220a03,3;4;4,2,True,train
1488,2,880edb2cdb69;f02babb3a023,0;0,1,False,train
1494,2,8906c9ed54a2;de2eb5c8aa83,0;0,1,False,train
1517,3,8aab201c0691;ae1344610ebe;f8fc411092c7,2;2;2,1,False,train
1562,2,8f06ca4642bd;a9b3177f01c0,0;0,1,False,train
1567,2,8fc09fecd22f;d1cad012a254,1;1,1,False,test
1576,2,906d02fb822d;a4012932e18d,0;0,1,False,train
1601,3,92889b863ae6;d7bc62d60e8c;f71333204618,0;0;0,1,False,validation
1612,2,93802d1e3c41;d436c06f0490,0;0,1,False,validation
1615,2,94145d1f42cf;a07efb1ecfc0,0;0,1,False,train
1652,3,9858cc2ae073;9e99ae6ee7af;a1872f9c0cba,0;0;0,1,False,validation
1653,3,9859e2a6cc24;a1e236fbc863;e5de79795c1d,4;0;0,2,True,test
1668,2,99ecdb41d5e7;a3fcf42ff56d,1;4,2,True,test
1672,2,9a3c03a5ad0f;f03d3c4ce7fb,2;4,2,True,validation
1674,2,9a4f370d341b;f3b6b7ca1eb1,2;2,1,False,train
1685,2,9b32e8ef0ca0;a15652b22ab8,2;2,1,False,validation
1686,2,9b418ce42c13;be161517d3ac,2;2,1,False,train
1687,2,9b4fc15df3c8;cfb17a7cc8d4,0;0,1,False,train
1688,2,9b57e43b44e7;dc6fa1b38b83,0;2,2,True,validation
1689,2,9b7b6e4db1d5;9f4132bd6ed6,2;2,1,False,test
1698,2,9c5dd3612f0c;c9f0dc2c8b43,2;2,1,False,train
1712,2,9e3510963315;b187b3c93afb,4;2,2,True,train
1720,2,9f1efb799b7b;cd4e7f9fa1a9,2;2,1,False,train
1729,5,a00b4cb250a7;a8b637abd96b;d48178e4a49b;e2c3b037413b;f762c272c522,1;0;4;0;1,3,True,train
1788,2,a505981d1cab;d994203deb64,2;2,1,False,train
1796,2,a6356a3c5d11;d57d1be1bbd1,0;0,1,False,validation
1801,2,a688f20f8895;d83d0695e215,2;2,1,False,validation
1828,2,a93f1ea3ff4a;f5e9a307288c,2;2,1,False,train
1831,3,a963ac561580;bb2f89488ecd;ebd96d853918,0;0;0,1,False,test
1869,2,aca88f566228;c05b7b4c22fe,2;2,1,False,train
1870,2,acc9f29538c4;df5ce3ea7820,2;2,1,False,train
1900,2,aeed1f251ceb;c0e509786f7f,4;4,1,False,train
1913,2,b019a49787c1;e1fb532f55df,3;3,1,False,train
1914,2,b06dabab4f09;d144144a2f3f,2;2,1,False,train
1925,2,b13d72ceea26;da0a1043abf7,2;2,1,False,train
1990,4,b842b43cb7fb;d1fa0f744620;d2d523e9f669;f68690db78d3,0;0;0;0,1,False,test
1994,2,b8ac328009e0;ff0740cb484a,2;2,1,False,train
2000,2,b9127e38d9b9;e39b627cf648,2;4,2,True,validation
2022,2,ba735b286d62;ed3a0fc5b546,4;4,1,False,train
2024,2,bacfa2b8e706;f4874247ede6,0;0,1,False,validation
2025,2,bacfb1029f6b;e12d41e7b221,1;2,2,True,train
2031,2,bb7e0a2544cd;e76a9cbb2a8c,3;3,1,False,validation
2043,2,bcdc8db5423b;f920ccd926db,2;2,1,False,train
2071,2,bf87aedf2489;d881c04f01fe,0;0,1,False,train
2082,2,c0a117de7d0a;e0313be77035,0;0,1,False,train
2122,3,c5ad60521f8c;cd3fd04d72f5;d81b6ed83bc2,2;2;2,1,False,train
2128,2,c639d837f5e4;f4c7ae514c54,0;0,1,False,test
2173,2,ca891d37a43c;dc3c0d8ee20b,2;2,1,False,train
2210,2,cd93a472e5cd;d035c2bd9104,4;3,2,True,train
2214,2,ce887b196c23;e7a7187066ad,2;2,1,False,validation
2254,2,d28bd830c171;f9ecf1795804,2;2,1,False,train
2275,2,d51b3fe0fa1b;df4913ca3712,4;4,1,False,test
2375,2,e06cccc08c59;e8e44b3160e3,0;0,1,False,test
2440,2,e724866f5084;ee02294cc3d9,2;2,1,False,train
2455,2,e8d1c6c07cf2;f23902998c21,3;2,2,True,test
2539,2,f252046c0fe6;fd87b6b2e664,0;0,1,False,train
