run_id,trial_id,group,status,selectable_for_final_model,change_vs_baseline,trial_rationale,result_stage,backbone,backbone_parameters,trainable_parameters,preprocessing_variant,augmentation,image_size,dropout_rate,phase1_learning_rate,phase2_learning_rate,phase2_unfreeze_top_n,class_weights_enabled,class_weight_mode,oversampling_enabled,batch_size,weight_decay,phase2_lr_schedule,seed,split_fingerprint,pilot_train_images,pilot_validation_images,pilot_train_fraction,pilot_validation_fraction,epochs_run,pilot_phase1_epochs_run,pilot_phase2_epochs_run,best_val_loss_epoch,train_val_accuracy_gap_at_best_epoch,clean_train_minus_validation_accuracy_gap_at_best_epoch,val_loss_rise_after_min,training_time_seconds,pilot_validation_accuracy,pilot_validation_qwk,pilot_validation_macro_f1,pilot_validation_loss,pilot_recall_class_0,pilot_recall_class_1,pilot_recall_class_2,pilot_recall_class_3,pilot_recall_class_4,ram_gb_after_trial,gpu_mem_gb_after_trial
20260930_155003,baseline_300_d05_lr1e5_top120,hyperparameter,completed,True,Baseline,"Reference configuration: dropout 0.5, top-120 fine-tuning, Phase 2 LR 1e-5 with plateau reduction, balanced class weights, weight decay 1e-4, batch 16.",pilot_screen,efficientnetb3,10783535.0,8850627.0,default_ben_graham,True,300.0,0.5,0.001,1e-05,120.0,True,balanced,False,16.0,0.0001,plateau,42.0,81977993943ed45c8e675e2fdc7bace5df47391b893638d92938115adec43a2f,2561.0,551.0,1.0,1.0,10.0,4.0,6.0,8.0,-0.0890426039695739,0.0080108776092528,0.0107151269912719,678.9,0.705989110707804,0.7725049935750907,0.5452183805997657,1.086164474487305,0.92619926199262,0.8214285714285714,0.3733333333333333,0.2413793103448276,0.6444444444444445,3.932,0.176
20260930_155003,dropout_040,hyperparameter,skipped_by_config,True,Dropout 0.5 -> 0.4,Test whether lighter head regularization learns more without widening the train-validation gap.,,efficientnetb3,,,,,,,,,,,,,,,,,81977993943ed45c8e675e2fdc7bace5df47391b893638d92938115adec43a2f,,,,,,,,,,,,,,,,,,,,,,,
20260930_155003,unfreeze_top60,hyperparameter,completed,True,Fine-tune 120 -> 60 layers,"Test whether adapting fewer late layers reduces overfitting on about 2,560 training images.",pilot_screen,efficientnetb3,10783535.0,5619827.0,default_ben_graham,True,300.0,0.5,0.001,1e-05,60.0,True,balanced,False,16.0,0.0001,plateau,42.0,81977993943ed45c8e675e2fdc7bace5df47391b893638d92938115adec43a2f,2561.0,551.0,1.0,1.0,8.0,4.0,4.0,6.0,-0.060241162776947,0.0529364876747131,0.0565884113311767,485.3,0.7150635208711433,0.7726000358873139,0.5217378486614714,1.0604852437973022,0.974169741697417,0.7678571428571429,0.4533333333333333,0.2413793103448276,0.2666666666666666,3.971,0.278
20260930_155003,unfreeze_top240,hyperparameter,skipped_by_config,True,Fine-tune 120 -> 240 layers,Test whether adapting more of the backbone helps despite the higher overfitting risk.,,efficientnetb3,,,,,,,,,,,,,,,,,81977993943ed45c8e675e2fdc7bace5df47391b893638d92938115adec43a2f,,,,,,,,,,,,,,,,,,,,,,,
20260930_155003,phase2_lr_3e5,hyperparameter,skipped_by_config,True,Phase 2 LR 1e-5 -> 3e-5,Test whether a larger fine-tuning step adapts faster or destabilises the pretrained features.,,efficientnetb3,,,,,,,,,,,,,,,,,81977993943ed45c8e675e2fdc7bace5df47391b893638d92938115adec43a2f,,,,,,,,,,,,,,,,,,,,,,,
20260930_155003,resolution_224,hyperparameter,completed,True,Input resolution 300 -> 224,Test whether lower compute and memory cost can retain useful grading performance; smaller inputs may lose fine retinal detail.,pilot_screen,efficientnetb3,10783535.0,8850627.0,default_ben_graham,True,224.0,0.5,0.001,1e-05,120.0,True,balanced,False,16.0,0.0001,plateau,42.0,81977993943ed45c8e675e2fdc7bace5df47391b893638d92938115adec43a2f,2561.0,551.0,1.0,1.0,9.0,4.0,5.0,7.0,-0.1050795912742614,0.0146025500297546,0.0010466575622558,432.3,0.7313974591651543,0.8078591319344179,0.5329699137460874,0.9830557107925416,0.9520295202952028,0.6428571428571429,0.5733333333333334,0.1724137931034483,0.4,4.54,0.398
20260930_155003,resolution_380,hyperparameter,completed,True,Input resolution 300 -> 380 (batch 16 -> 8),Test whether finer retinal detail (microaneurysms) helps; batch size halved to fit GPU memory.,pilot_screen,efficientnetb3,10783535.0,8850627.0,default_ben_graham,True,380.0,0.5,0.001,1e-05,120.0,True,balanced,False,8.0,0.0001,plateau,42.0,81977993943ed45c8e675e2fdc7bace5df47391b893638d92938115adec43a2f,2561.0,551.0,1.0,1.0,8.0,4.0,4.0,6.0,-0.0434452295303344,0.0597894611358642,0.0643453598022461,777.8,0.6842105263157895,0.7852484525404843,0.4728376727000217,1.0504614114761353,0.940959409594096,0.8571428571428571,0.3333333333333333,0.0344827586206896,0.5111111111111111,5.347,0.528
20260930_155003,lr_schedule_cosine,hyperparameter,completed,True,Phase 2 LR plateau -> warm-up + cosine,Test whether a short warm-up followed by smooth cosine decay fine-tunes more stably than step reductions on a validation-loss plateau.,pilot_screen,efficientnetb3,10783535.0,8850627.0,default_ben_graham,True,300.0,0.5,0.001,1e-05,120.0,True,balanced,False,16.0,0.0001,cosine,42.0,81977993943ed45c8e675e2fdc7bace5df47391b893638d92938115adec43a2f,2561.0,551.0,1.0,1.0,8.0,3.0,5.0,6.0,-0.0867599844932556,0.0731978483200073,0.0885829925537109,537.2,0.6588021778584392,0.7422154278014081,0.4737353698667391,1.118222713470459,0.9446494464944648,0.3035714285714285,0.38,0.4482758620689655,0.4444444444444444,6.252,0.652
20260930_155003,weight_decay_1e3,hyperparameter,completed,True,AdamW weight decay 1e-4 -> 1e-3,Test whether stronger weight decay in Phase 2 narrows the train-validation gap.,pilot_screen,efficientnetb3,10783535.0,8850627.0,default_ben_graham,True,300.0,0.5,0.001,1e-05,120.0,True,balanced,False,16.0,0.001,plateau,42.0,81977993943ed45c8e675e2fdc7bace5df47391b893638d92938115adec43a2f,2561.0,551.0,1.0,1.0,10.0,4.0,6.0,8.0,-0.1257803440093994,0.0037495169639587,0.1239019632339477,598.1,0.7622504537205081,0.8555223862875145,0.6079003425803965,0.9854722023010254,0.96309963099631,0.7142857142857143,0.56,0.4482758620689655,0.4888888888888889,6.634,0.777
20260930_155003,class_weights_off,balancing,completed,True,Class weights ON -> OFF,Measure how much inverse-frequency weighting changes minority-stage recall and overall QWK.,pilot_screen,efficientnetb3,10783535.0,8850627.0,default_ben_graham,True,300.0,0.5,0.001,1e-05,120.0,False,none,False,16.0,0.0001,plateau,42.0,81977993943ed45c8e675e2fdc7bace5df47391b893638d92938115adec43a2f,2561.0,551.0,1.0,1.0,10.0,4.0,6.0,8.0,0.0185789465904235,0.0401197729110718,0.0092575550079345,596.1,0.7658802177858439,0.8028009600479576,0.4939351486726485,0.907921016216278,1.0,0.4285714285714285,0.7666666666666667,0.0,0.2666666666666666,7.042,0.9
20260930_155003,class_weights_sqrt,balancing,completed,True,Balanced -> sqrt (softer) class weights,Test whether a softer correction keeps minority-stage recall without over-weighting the rare Severe images.,pilot_screen,efficientnetb3,10783535.0,8850627.0,default_ben_graham,True,300.0,0.5,0.001,1e-05,120.0,True,sqrt,False,16.0,0.0001,plateau,42.0,81977993943ed45c8e675e2fdc7bace5df47391b893638d92938115adec43a2f,2561.0,551.0,1.0,1.0,7.0,4.0,3.0,5.0,-0.0663788914680481,0.035713258266449,0.0037915110588073,469.6,0.7422867513611615,0.8042498150078217,0.5147295482310683,0.9572462439537048,0.977859778597786,0.375,0.6733333333333333,0.1034482758620689,0.4222222222222222,7.421,1.023
20260930_155003,oversampling_instead,balancing,completed,True,Class weights -> on-the-fly oversampling,Balance batches by sampling each stage equally instead of re-weighting the loss.,pilot_screen,efficientnetb3,10783535.0,8850627.0,default_ben_graham,True,300.0,0.5,0.001,1e-05,120.0,False,none,True,16.0,0.0001,plateau,42.0,81977993943ed45c8e675e2fdc7bace5df47391b893638d92938115adec43a2f,2561.0,551.0,1.0,1.0,10.0,4.0,6.0,2.0,-0.1831917762756347,0.0627150712013244,0.0220304727554321,590.7,0.7513611615245009,0.8185974599172333,0.5114150225848174,0.9451578855514526,0.970479704797048,0.7142857142857143,0.6466666666666666,0.0344827586206896,0.2888888888888888,8.215,1.151
20260930_155003,ablation_no_ben_graham,preprocessing_ablation,completed,False,Ben Graham ON -> OFF (crop + resize only),Measure the model-level contribution of Ben Graham illumination normalisation.,pilot_screen,efficientnetb3,10783535.0,8850627.0,ben_graham-0,True,300.0,0.5,0.001,1e-05,120.0,True,balanced,False,16.0,0.0001,plateau,42.0,81977993943ed45c8e675e2fdc7bace5df47391b893638d92938115adec43a2f,2561.0,551.0,1.0,1.0,6.0,3.0,3.0,1.0,-0.1036601662635803,0.0404210777282715,0.0248322486877441,387.7,0.6715063520871143,0.7494290087320091,0.4650848041880923,1.059873104095459,0.992619926199262,0.2857142857142857,0.3666666666666666,0.2068965517241379,0.5333333333333333,8.682,1.288
20260930_155003,ablation_clahe_instead,preprocessing_ablation,completed,False,Ben Graham -> CLAHE (LAB L-channel),Compare histogram-based local contrast (CLAHE) against Gaussian background subtraction.,pilot_screen,efficientnetb3,10783535.0,8850627.0,ben_graham-0_clahe_enhancement-1,True,300.0,0.5,0.001,1e-05,120.0,True,balanced,False,16.0,0.0001,plateau,42.0,81977993943ed45c8e675e2fdc7bace5df47391b893638d92938115adec43a2f,2561.0,551.0,1.0,1.0,9.0,4.0,5.0,7.0,-0.1135162115097045,0.0204900288581848,0.0063246488571166,588.9,0.7695099818511797,0.8516373703471946,0.5745799273328873,0.9945385456085204,0.959409594095941,0.4464285714285714,0.7266666666666667,0.2068965517241379,0.5333333333333333,9.103,1.418
20260930_155003,ablation_all_filters,preprocessing_ablation,skipped_by_config,False,Add bilateral denoise + CLAHE + unsharp edges before Ben Graham,Test whether explicit noise removal and edge enhancement add information beyond Ben Graham.,,efficientnetb3,,,,,,,,,,,,,,,,,81977993943ed45c8e675e2fdc7bace5df47391b893638d92938115adec43a2f,,,,,,,,,,,,,,,,,,,,,,,
20260930_155003,ablation_no_augmentation,augmentation_ablation,completed,False,Augmentation ON -> OFF,Measure the contribution of training-only geometric and photometric augmentation.,pilot_screen,efficientnetb3,10783535.0,8850627.0,default_ben_graham,False,300.0,0.5,0.001,1e-05,120.0,True,balanced,False,16.0,0.0001,plateau,42.0,81977993943ed45c8e675e2fdc7bace5df47391b893638d92938115adec43a2f,2561.0,551.0,1.0,1.0,10.0,4.0,6.0,10.0,-0.0104314684867858,0.0924900288581848,0.0,389.0,0.7695099818511797,0.8449172739587616,0.6278465203208927,0.922709047794342,0.959409594095941,0.8214285714285714,0.54,0.5172413793103449,0.4888888888888889,9.49,1.555
20260930_155003,backbone_resnet50,backbone,completed,False,EfficientNetB3 -> ResNet50,Residual backbone with more parameters and FLOPs; tests whether the EfficientNet choice is justified.,pilot_screen,resnet50,23587712.0,23196165.0,default_ben_graham,True,300.0,0.5,0.001,1e-05,120.0,True,balanced,False,16.0,0.0001,plateau,42.0,81977993943ed45c8e675e2fdc7bace5df47391b893638d92938115adec43a2f,2561.0,551.0,1.0,1.0,9.0,4.0,5.0,7.0,-0.0732040405273437,0.0235644187927246,0.0498247146606445,548.6,0.7604355716878403,0.8264497517710995,0.5981159985255233,0.9027165174484252,0.915129151291513,0.5357142857142857,0.7466666666666667,0.3793103448275862,0.4,9.727,1.857
20260930_155003,backbone_mobilenetv2,backbone,completed,False,EfficientNetB3 -> MobileNetV2,Lightweight mobile backbone; quantifies the accuracy cost of a deployable low-compute model.,pilot_screen,mobilenetv2,2257984.0,2502213.0,default_ben_graham,True,300.0,0.5,0.001,1e-05,120.0,True,balanced,False,16.0,0.0001,plateau,42.0,81977993943ed45c8e675e2fdc7bace5df47391b893638d92938115adec43a2f,2561.0,551.0,1.0,1.0,10.0,4.0,6.0,8.0,-0.0461069345474243,0.0403085565567016,0.1076705455780029,558.0,0.6696914700544465,0.7678457870674472,0.519372465589331,1.030321717262268,0.918819188191882,0.5357142857142857,0.3533333333333333,0.3793103448275862,0.5777777777777777,9.824,1.893
20260930_155003,backbone_efficientnetb0,backbone,completed,False,EfficientNetB3 -> EfficientNetB0,Smaller member of the same family; tests whether B3's extra capacity is needed on 3.6k images.,pilot_screen,efficientnetb0,4049571.0,3996845.0,default_ben_graham,True,300.0,0.5,0.001,1e-05,120.0,True,balanced,False,16.0,0.0001,plateau,42.0,81977993943ed45c8e675e2fdc7bace5df47391b893638d92938115adec43a2f,2561.0,551.0,1.0,1.0,8.0,4.0,4.0,2.0,-0.1276115179061889,0.0382322940826416,0.0330486297607421,508.0,0.7495462794918331,0.8155551162174185,0.566485189633078,0.9687095880508424,0.948339483394834,0.6428571428571429,0.66,0.2413793103448276,0.3111111111111111,10.133,1.949
20260930_155003,backbone_densenet121,backbone,completed,False,EfficientNetB3 -> DenseNet121,Densely connected backbone widely used in medical imaging.,pilot_screen,densenet121,7037504.0,2956805.0,default_ben_graham,True,300.0,0.5,0.001,1e-05,120.0,True,balanced,False,16.0,0.0001,plateau,42.0,81977993943ed45c8e675e2fdc7bace5df47391b893638d92938115adec43a2f,2561.0,551.0,1.0,1.0,8.0,4.0,4.0,6.0,-0.0479111671447753,-0.000656997680664,0.0269621610641479,503.7,0.7386569872958257,0.8207340455953983,0.5893296500748326,0.9064896702766418,0.974169741697417,0.8928571428571429,0.36,0.6206896551724138,0.4666666666666667,10.79,2.017
20260930_155003,backbone_vgg16,backbone,skipped_by_config,False,EfficientNetB3 -> VGG16,"Classic plain convolutional backbone; a large, older architecture for reference.",,vgg16,,,,,,,,,,,,,,,,,81977993943ed45c8e675e2fdc7bace5df47391b893638d92938115adec43a2f,,,,,,,,,,,,,,,,,,,,,,,
20260930_155003,scratch_cnn_4block,scratch_baseline,completed,False,EfficientNetB3 (ImageNet) -> small CNN from scratch,"Transfer-learning baseline: 4 conv blocks with random initialisation, trained end to end for the same total epoch budget, to show what ImageNet pretraining contributes.",pilot_screen,scratch_cnn,389856.0,456485.0,default_ben_graham,True,300.0,0.5,0.001,1e-05,17.0,True,balanced,False,16.0,0.0001,plateau,42.0,81977993943ed45c8e675e2fdc7bace5df47391b893638d92938115adec43a2f,2561.0,551.0,1.0,1.0,5.0,5.0,0.0,3.0,0.2957081347703933,0.0356261330842971,1.1749560832977295,259.4,0.0943738656987295,0.0879475918948211,0.0599870717517776,1.6935009956359863,0.003690036900369,0.8035714285714286,0.0,0.0,0.1333333333333333,10.502,2.024
