phase,phase_epoch,overall_epoch,learning_rate
Phase 1,1,1,0.0010000000474974
Phase 1,2,2,0.0010000000474974
Phase 1,3,3,0.0010000000474974
Phase 1,4,4,0.0005000000237487
Phase 1,5,5,0.0005000000237487
Phase 1,6,6,0.0002500000118743
Phase 1,7,7,0.0002500000118743
Phase 1,8,8,0.0001250000059371
Phase 2,1,9,9.999999747378752e-06
Phase 2,2,10,9.999999747378752e-06
Phase 2,3,11,9.999999747378752e-06
Phase 2,4,12,9.999999747378752e-06
Phase 2,5,13,9.999999747378752e-06
Phase 2,6,14,9.999999747378752e-06
Phase 2,7,15,9.999999747378752e-06
Phase 2,8,16,9.999999747378752e-06
Phase 2,9,17,9.999999747378752e-06
Phase 2,10,18,4.999999873689376e-06
Phase 2,11,19,4.999999873689376e-06
Phase 2,12,20,4.999999873689376e-06
Phase 2,13,21,4.999999873689376e-06
Phase 2,14,22,2.499999936844688e-06
Phase 2,15,23,2.499999936844688e-06
Phase 2,16,24,2.499999936844688e-06
Phase 2,17,25,1.249999968422344e-06
