trial_id,group,change_vs_baseline,backbone,trainable_parameters,epochs_run,training_time_seconds,pilot_validation_qwk,pilot_validation_macro_f1,pilot_validation_accuracy,pilot_validation_loss,train_val_accuracy_gap_at_best_epoch,clean_train_minus_validation_accuracy_gap_at_best_epoch,val_loss_rise_after_min,pilot_recall_class_0,pilot_recall_class_1,pilot_recall_class_2,pilot_recall_class_3,pilot_recall_class_4
baseline_300_d05_lr1e5_top120,hyperparameter,Baseline,efficientnetb3,8850627.0,10.0,678.9,0.7725049935750907,0.5452183805997657,0.705989110707804,1.086164474487305,-0.0890426039695739,0.0080108776092528,0.0107151269912719,0.92619926199262,0.8214285714285714,0.3733333333333333,0.2413793103448276,0.6444444444444445
unfreeze_top60,hyperparameter,Fine-tune 120 -> 60 layers,efficientnetb3,5619827.0,8.0,485.3,0.7726000358873139,0.5217378486614714,0.7150635208711433,1.0604852437973022,-0.060241162776947,0.0529364876747131,0.0565884113311767,0.974169741697417,0.7678571428571429,0.4533333333333333,0.2413793103448276,0.2666666666666666
resolution_224,hyperparameter,Input resolution 300 -> 224,efficientnetb3,8850627.0,9.0,432.3,0.8078591319344179,0.5329699137460874,0.7313974591651543,0.9830557107925416,-0.1050795912742614,0.0146025500297546,0.0010466575622558,0.9520295202952028,0.6428571428571429,0.5733333333333334,0.1724137931034483,0.4
resolution_380,hyperparameter,Input resolution 300 -> 380 (batch 16 -> 8),efficientnetb3,8850627.0,8.0,777.8,0.7852484525404843,0.4728376727000217,0.6842105263157895,1.0504614114761353,-0.0434452295303344,0.0597894611358642,0.0643453598022461,0.940959409594096,0.8571428571428571,0.3333333333333333,0.0344827586206896,0.5111111111111111
lr_schedule_cosine,hyperparameter,Phase 2 LR plateau -> warm-up + cosine,efficientnetb3,8850627.0,8.0,537.2,0.7422154278014081,0.4737353698667391,0.6588021778584392,1.118222713470459,-0.0867599844932556,0.0731978483200073,0.0885829925537109,0.9446494464944648,0.3035714285714285,0.38,0.4482758620689655,0.4444444444444444
weight_decay_1e3,hyperparameter,AdamW weight decay 1e-4 -> 1e-3,efficientnetb3,8850627.0,10.0,598.1,0.8555223862875145,0.6079003425803965,0.7622504537205081,0.9854722023010254,-0.1257803440093994,0.0037495169639587,0.1239019632339477,0.96309963099631,0.7142857142857143,0.56,0.4482758620689655,0.4888888888888889
class_weights_off,balancing,Class weights ON -> OFF,efficientnetb3,8850627.0,10.0,596.1,0.8028009600479576,0.4939351486726485,0.7658802177858439,0.907921016216278,0.0185789465904235,0.0401197729110718,0.0092575550079345,1.0,0.4285714285714285,0.7666666666666667,0.0,0.2666666666666666
class_weights_sqrt,balancing,Balanced -> sqrt (softer) class weights,efficientnetb3,8850627.0,7.0,469.6,0.8042498150078217,0.5147295482310683,0.7422867513611615,0.9572462439537048,-0.0663788914680481,0.035713258266449,0.0037915110588073,0.977859778597786,0.375,0.6733333333333333,0.1034482758620689,0.4222222222222222
oversampling_instead,balancing,Class weights -> on-the-fly oversampling,efficientnetb3,8850627.0,10.0,590.7,0.8185974599172333,0.5114150225848174,0.7513611615245009,0.9451578855514526,-0.1831917762756347,0.0627150712013244,0.0220304727554321,0.970479704797048,0.7142857142857143,0.6466666666666666,0.0344827586206896,0.2888888888888888
ablation_no_ben_graham,preprocessing_ablation,Ben Graham ON -> OFF (crop + resize only),efficientnetb3,8850627.0,6.0,387.7,0.7494290087320091,0.4650848041880923,0.6715063520871143,1.059873104095459,-0.1036601662635803,0.0404210777282715,0.0248322486877441,0.992619926199262,0.2857142857142857,0.3666666666666666,0.2068965517241379,0.5333333333333333
ablation_clahe_instead,preprocessing_ablation,Ben Graham -> CLAHE (LAB L-channel),efficientnetb3,8850627.0,9.0,588.9,0.8516373703471946,0.5745799273328873,0.7695099818511797,0.9945385456085204,-0.1135162115097045,0.0204900288581848,0.0063246488571166,0.959409594095941,0.4464285714285714,0.7266666666666667,0.2068965517241379,0.5333333333333333
ablation_no_augmentation,augmentation_ablation,Augmentation ON -> OFF,efficientnetb3,8850627.0,10.0,389.0,0.8449172739587616,0.6278465203208927,0.7695099818511797,0.922709047794342,-0.0104314684867858,0.0924900288581848,0.0,0.959409594095941,0.8214285714285714,0.54,0.5172413793103449,0.4888888888888889
backbone_resnet50,backbone,EfficientNetB3 -> ResNet50,resnet50,23196165.0,9.0,548.6,0.8264497517710995,0.5981159985255233,0.7604355716878403,0.9027165174484252,-0.0732040405273437,0.0235644187927246,0.0498247146606445,0.915129151291513,0.5357142857142857,0.7466666666666667,0.3793103448275862,0.4
backbone_mobilenetv2,backbone,EfficientNetB3 -> MobileNetV2,mobilenetv2,2502213.0,10.0,558.0,0.7678457870674472,0.519372465589331,0.6696914700544465,1.030321717262268,-0.0461069345474243,0.0403085565567016,0.1076705455780029,0.918819188191882,0.5357142857142857,0.3533333333333333,0.3793103448275862,0.5777777777777777
backbone_efficientnetb0,backbone,EfficientNetB3 -> EfficientNetB0,efficientnetb0,3996845.0,8.0,508.0,0.8155551162174185,0.566485189633078,0.7495462794918331,0.9687095880508424,-0.1276115179061889,0.0382322940826416,0.0330486297607421,0.948339483394834,0.6428571428571429,0.66,0.2413793103448276,0.3111111111111111
backbone_densenet121,backbone,EfficientNetB3 -> DenseNet121,densenet121,2956805.0,8.0,503.7,0.8207340455953983,0.5893296500748326,0.7386569872958257,0.9064896702766418,-0.0479111671447753,-0.000656997680664,0.0269621610641479,0.974169741697417,0.8928571428571429,0.36,0.6206896551724138,0.4666666666666667
scratch_cnn_4block,scratch_baseline,EfficientNetB3 (ImageNet) -> small CNN from scratch,scratch_cnn,456485.0,5.0,259.4,0.0879475918948211,0.0599870717517776,0.0943738656987295,1.6935009956359863,0.2957081347703933,0.0356261330842971,1.1749560832977295,0.003690036900369,0.8035714285714286,0.0,0.0,0.1333333333333333
