accuracy,auc,loss,val_accuracy,val_auc,val_loss,val_qwk,clean_train_loss,clean_train_accuracy,learning_rate
0.6505271196365356,0.9107442498207092,1.2240114212036133,0.6606170535087585,0.9260213971138,1.1449170112609863,0.7934160271908617,1.1444759368896484,0.68,9.999999747378752e-06
0.6606793999671936,0.9122341871261597,1.2002280950546265,0.7168784141540527,0.9376212358474731,1.0778875350952148,0.8050069973565542,1.054772973060608,0.702,9.999999747378752e-06
0.6782506704330444,0.9184917211532593,1.1520286798477173,0.742286741733551,0.9449900388717651,1.070728063583374,0.8295903316362945,1.0634711980819702,0.732,9.999999747378752e-06
0.6837173104286194,0.925020158290863,1.1402266025543213,0.7368420958518982,0.945066511631012,0.9912160038948059,0.8293219795913115,0.95787513256073,0.736,9.999999747378752e-06
0.6915267705917358,0.9247053265571594,1.1447473764419556,0.7205081582069397,0.9443854093551636,1.0297220945358276,0.8097351861891037,0.9845117330551147,0.746,9.999999747378752e-06
0.7040218710899353,0.9309090375900269,1.1116961240768433,0.7549909353256226,0.9513543248176575,0.9768644571304321,0.8231044147009512,0.9253814816474915,0.782,9.999999747378752e-06
0.7012885808944702,0.9307560920715332,1.0917919874191284,0.742286741733551,0.945496678352356,0.9766768217086792,0.8360962669774311,0.926598310470581,0.762,9.999999747378752e-06
0.6942600607872009,0.928744375705719,1.097876787185669,0.7549909353256226,0.9504407644271851,0.9819180965423584,0.8422113542964464,0.9313989877700806,0.77,9.999999747378752e-06
0.7012885808944702,0.9332225918769836,1.0984348058700562,0.7368420958518982,0.9449100494384766,0.9794247150421143,0.8327615631699077,0.9252182841300964,0.75,9.999999747378752e-06
0.7137836813926697,0.9370694160461426,1.065702199935913,0.7495462894439697,0.9495324492454529,0.9781492948532104,0.8403870108050172,0.9229283332824707,0.766,4.999999873689376e-06
0.7122218012809753,0.9351792335510254,1.0665284395217896,0.7695099711418152,0.9534372091293335,0.9694217443466187,0.8466740734175284,0.9091956615447998,0.782,4.999999873689376e-06
0.7141741514205933,0.9390641450881958,1.0545439720153809,0.7495462894439697,0.9512168765068054,0.9731413125991821,0.8387404599819042,0.9131231904029846,0.768,4.999999873689376e-06
0.7434595823287964,0.9437597393989563,1.0462969541549683,0.7404718399047852,0.9495999813079834,0.9960157871246338,0.8335220388137378,0.9358396530151367,0.764,4.999999873689376e-06
0.7223740816116333,0.9385334849357605,1.050736427307129,0.7441016435623169,0.9507972002029419,0.962515652179718,0.8385967518014031,0.9018979668617249,0.768,2.499999936844688e-06
0.7360405921936035,0.9448143243789673,1.032082438468933,0.7531760334968567,0.9517030715942383,0.9681053161621094,0.8359392588181468,0.9030296802520752,0.776,2.499999936844688e-06
0.7383834719657898,0.94483882188797,1.0276392698287964,0.7531760334968567,0.9518022537231445,0.9675974249839783,0.83927918965639,0.9002364277839661,0.772,2.499999936844688e-06
0.7258883118629456,0.9395009279251099,1.0487284660339355,0.7568058371543884,0.9523119926452637,0.9580479264259338,0.8401796906148243,0.890390932559967,0.766,1.249999968422344e-06
