epoch,phase,phase_epoch,accuracy,auc,loss,val_accuracy,val_auc,val_loss,val_qwk,clean_train_loss,clean_train_accuracy,learning_rate
1,Phase 1,1,0.5208902955055237,0.8106544613838196,2.350226402282715,0.44283121824264526,0.7911766171455383,2.0781922340393066,0.6230747438174142,2.1647422313690186,0.396,0.0010000000474974513
2,Phase 1,2,0.569308876991272,0.8586286306381226,1.7421540021896362,0.6715063452720642,0.9208804368972778,1.3292843103408813,0.7747867403882904,1.3249984979629517,0.684,0.0010000000474974513
3,Phase 1,3,0.5989847779273987,0.8727332949638367,1.5554178953170776,0.5789473652839661,0.8677449822425842,1.7591561079025269,0.7313259475598546,1.6643439531326294,0.578,0.0010000000474974513
4,Phase 1,4,0.6161655783653259,0.8922179937362671,1.3817646503448486,0.6787658929824829,0.9330486059188843,1.2544095516204834,0.769775895143297,1.1962684392929077,0.748,0.0010000000474974513
5,Phase 2,1,0.6462319493293762,0.9104573726654053,1.254317283630371,0.6842105388641357,0.9286283850669861,1.1052448749542236,0.8099373812129977,1.049823522567749,0.704,9.999999747378752e-06
6,Phase 2,2,0.65208899974823,0.9138267040252686,1.1685348749160767,0.61524498462677,0.8905083537101746,1.0971481800079346,0.7794823906083245,1.0378583669662476,0.662,9.999999747378752e-06
7,Phase 2,3,0.6872315406799316,0.9276261329650879,1.109427809715271,0.7604355812072754,0.9492364525794983,0.9027165174484253,0.8264497517710995,0.8620991110801697,0.784,9.999999747378752e-06
8,Phase 2,4,0.6954314708709717,0.9278979897499084,1.096887469291687,0.7695099711418152,0.947871208190918,0.9516170620918274,0.8321075024135309,0.874732255935669,0.788,9.999999747378752e-06
9,Phase 2,5,0.6989457011222839,0.9305192232131958,1.0860867500305176,0.7549909353256226,0.9463469386100769,0.9525412321090698,0.8380481139255537,0.8850926756858826,0.772,9.999999747378752e-06
